zonas,enderecos,precos,area,quarto
norte,"Vila Primavera, São Paulo Zona Norte, São Paulo",1200,58.0,2.0
norte,"Jardim São Paulo, São Paulo Zona Norte, São Paulo",3100,186.0,3.0
norte,"Vila Primavera, São Paulo Zona Norte, São Paulo",3300,80.0,3.0
norte,"Mandaqui, São Paulo Zona Norte, São Paulo",1550,50.0,2.0
norte,"Vila Primavera, São Paulo Zona Norte, São Paulo",1200,56.0,2.0
norte,"Avenida Nova Cantareira,
                1484, Tucuruvi, São Paulo Zona Norte, São Paulo",2400,80.0,2.0
norte,"Santana, São Paulo Zona Norte, São Paulo",1350,60.0,2.0
norte,"Antonio Vieira 209, Casa Verde Alta, São Paulo Zona Norte, São Paulo",500,35.0,1.0
norte,"Rua Franklin Do Amaral  1051, Cachoeirinha, São Paulo Zona Norte, São Paulo",1690,60.0,2.0
norte,"Rua Conselheiro Moreira De Barros 3600, Lauzane Paulista, São Paulo Zona Norte, São Paulo",1570,55.0,2.0
norte,"Rua Eli - Vila Maria Baixa, São Paulo - Sp, Brasil, Vila Maria, São Paulo Zona Norte, São Paulo",900,53.0,1.0
norte,"Ricardo Franco  51, Vila Roque, São Paulo Zona Norte, São Paulo",1550,60.0,2.0
norte,"Paranabi  236, Tucuruvi, São Paulo Zona Norte, São Paulo",1100,30.0,1.0
norte,"Barro Branco, São Paulo Zona Norte, São Paulo",1500,68.0,2.0
norte,"R Eduardo, Vila Albertina, São Paulo Zona Norte, São Paulo",1700,62.0,2.0
norte,"R Alfredo Pujol, Santana, São Paulo Zona Norte, São Paulo",1600,74.0,2.0
norte,"Santana - São Paulo/sp, Santana, São Paulo Zona Norte, São Paulo",3200,76.0,2.0
norte,"Av General Ataliba Leonel, Santana, São Paulo Zona Norte, São Paulo",1790,70.0,2.0
norte,"Vila Nova Cachoeirinha, São Paulo Zona Norte, São Paulo",950,45.0,2.0
norte,"Rua Engenheiro Ciampiti, Vila Leonor, São Paulo Zona Norte, São Paulo",1150,27.0,1.0
norte,"Rua Voluntários Da Pátria, Santana, São Paulo Zona Norte, São Paulo",2500,90.0,
norte,"Av. Major Dantas Cortez, Vila Gustavo, São Paulo Zona Norte, São Paulo",1900,50.0,
norte,"Rua Voluntários Da Pátria, Santana, São Paulo Zona Norte, São Paulo",3900,150.0,
norte,"Avenida Do Guacá, Lauzane Paulista, São Paulo Zona Norte, São Paulo",3900,80.0,
norte,"Rua Rubiácea, Água Fria, São Paulo Zona Norte, São Paulo",3200,83.0,3.0
norte,"R Itaici, Santa Teresinha, São Paulo Zona Norte, São Paulo",1650,60.0,3.0
norte,"Rua Enótria, Vila Mazzei, São Paulo Zona Norte, São Paulo",2300,40.0,
norte,"Parque Mandaqui, São Paulo Zona Norte, São Paulo",1500,63.0,2.0
norte,"Rua Doutor Guilherme Cristofel, Santana, São Paulo Zona Norte, São Paulo",10000,260.0,4.0
norte,"Freguesia Do Ó, São Paulo Zona Norte, São Paulo",2000,79.0,2.0
norte,"Rua Aluísio Azevedo, Santana, São Paulo Zona Norte, São Paulo",1800,60.0,2.0
norte,"Alfredo Pujol, Santana, São Paulo Zona Norte, São Paulo",1700,70.0,2.0
norte,"Rua Vicente Ferreira Leite, Vila Siqueira (zona Norte), São Paulo Zona Norte, São Paulo",1000,45.0,2.0
norte,"Rua Vicente Ferreira Leite, Vila Siqueira (zona Norte), São Paulo Zona Norte, São Paulo",1000,45.0,2.0
norte,"Lauzane Paulista, São Paulo Zona Norte, São Paulo",1700,55.0,2.0
norte,"Vila Paulicéia, São Paulo Zona Norte, São Paulo",2100,60.0,2.0
norte,"Rua Doutor Francisco Alves Santos Filho, Vila Baruel, São Paulo Zona Norte, São Paulo",1100,35.0,1.0
norte,"Rua Itaúna, Vila Maria Baixa, São Paulo Zona Norte, São Paulo",1500,40.0,2.0
norte,"Rua Pedra Sabão, Vila Guilherme, São Paulo Zona Norte, São Paulo",1500,41.0,2.0
norte,"Rua General Liberato Bittencourt, Vila Medeiros, São Paulo Zona Norte, São Paulo",1300,43.0,2.0
norte,"Rua Pestana, Vila Guaca, São Paulo Zona Norte, São Paulo",1500,60.0,2.0
norte,"Jaçanã, São Paulo Zona Norte, São Paulo",1500,78.0,3.0
norte,"Rua Pedra Sabão, Vila Guilherme, São Paulo Zona Norte, São Paulo",1500,41.0,2.0
norte,"Rua Epaminondas Melo Do Amaral, Sítio Do Mandaqui, São Paulo Zona Norte, São Paulo",1300,50.0,2.0
norte,"Rua Alfredo Pujol, Santana, São Paulo Zona Norte, São Paulo",1500,74.0,2.0
norte,"Rua Antônio Dias Da Silva, Vila Amália, São Paulo Zona Norte, São Paulo",1200,60.0,2.0
norte,"Jardim Maristela, São Paulo Zona Norte, São Paulo",1100,50.0,2.0
norte,"Rua José Debieux, Santana, São Paulo Zona Norte, São Paulo",4950,67.0,2.0
norte,"Parque Mandaqui, São Paulo Zona Norte, São Paulo",2500,94.0,3.0
norte,"Lauzane Paulista, São Paulo Zona Norte, São Paulo",1600,106.0,3.0
norte,"Santana, São Paulo Zona Norte, São Paulo",1800,66.0,2.0
norte,"Rua Manuel De Sousa, Santana, São Paulo Zona Norte, São Paulo",3500,120.0,3.0
norte,"Avenida Boschetti, Vila Medeiros, São Paulo Zona Norte, São Paulo",1300,56.0,2.0
norte,"Santana, São Paulo Zona Norte, São Paulo",1500,74.0,2.0
norte,"Rua Roque De Morais, Limão, São Paulo Zona Norte, São Paulo",1500,80.0,2.0
norte,"Rua Vichy, Vila Baruel, São Paulo Zona Norte, São Paulo",2000,90.0,3.0
norte,"Rua Maria Cândida, Carandiru, São Paulo Zona Norte, São Paulo",2050,60.0,2.0
norte,"Rua Guaraja, Vila Mazzei, São Paulo Zona Norte, São Paulo",1450,50.0,2.0
norte,"Rua Voluntários Da Pátria, Santana, São Paulo Zona Norte, São Paulo",1900,68.0,2.0
norte,"Vila Zat, São Paulo Zona Norte, São Paulo",1200,40.0,2.0
norte,"Rua Itaici, Santa Teresinha, São Paulo Zona Norte, São Paulo",3000,102.0,3.0
norte,"Rua Chico Pontes, Vila Guilherme, São Paulo Zona Norte, São Paulo",1400,60.0,2.0
norte,"Jardim Maristela, São Paulo Zona Norte, São Paulo",1100,50.0,2.0
norte,"Rua Monte D Ouro, Tucuruvi, São Paulo Zona Norte, São Paulo",1540,40.0,2.0
norte,"Rua Marechal Hermes Da Fonseca, Santana, São Paulo Zona Norte, São Paulo",5000,133.0,3.0
norte,"Rua Guaranésia, Vila Maria, São Paulo Zona Norte, São Paulo",2600,117.0,3.0
norte,"Avenida Nelson Palma Travassos, Loteamento City Jaragua, São Paulo Zona Norte, São Paulo",1386,45.0,2.0
norte,"Vila Amália, São Paulo Zona Norte, São Paulo",1350,54.0,2.0
norte,"Rua Ezequiel Freire, Santana, São Paulo Zona Norte, São Paulo",2500,44.0,1.0
norte,"Vila Primavera, São Paulo Zona Norte, São Paulo",1100,50.0,2.0
norte,"Rua Nereu Rangel Pestana, Brasilândia, São Paulo Zona Norte, São Paulo",1300,34.0,2.0
norte,"Avenida Sebastião Henriques, Vila Siqueira (zona Norte), São Paulo Zona Norte, São Paulo",2300,63.0,3.0
norte,"Rua Deputado Laércio Cortes, Parque Tietê, São Paulo Zona Norte, São Paulo",16000,490.0,4.0
norte,"Santana, São Paulo Zona Norte, São Paulo",5000,134.0,3.0
norte,"Avenida Do Guacá, Lauzane Paulista, São Paulo Zona Norte, São Paulo",3900,80.0,3.0
norte,"Rua Filipe Da Silva, Lauzane Paulista, São Paulo Zona Norte, São Paulo",1800,70.0,3.0
norte,"Rua Marechal Hermes Da Fonseca, Santana, São Paulo Zona Norte, São Paulo",2200,70.0,2.0
norte,"Avenida Do Guacá, Lauzane Paulista, São Paulo Zona Norte, São Paulo",3900,72.0,3.0
norte,"Rua Voluntários Da Pátria, Santana, São Paulo Zona Norte, São Paulo",1500,20.0,1.0
norte,"Rua Doutor Fleury Silveira, Vila Santa Maria, São Paulo Zona Norte, São Paulo",1650,42.0,2.0
norte,"Vila Leonor, São Paulo Zona Norte, São Paulo",1080,38.0,1.0
norte,"Vila Maria Alta, São Paulo Zona Norte, São Paulo",7500,200.0,4.0
norte,"Vila Roque, São Paulo Zona Norte, São Paulo",1600,62.0,2.0
norte,"Rua Durval Fontoura Castro, Vila Paulista, São Paulo Zona Norte, São Paulo",2100,58.0,2.0
norte,"Rua Togo, Jardim Japão, São Paulo Zona Norte, São Paulo",1900,68.0,3.0
norte,"Sítio Morro Grande, São Paulo Zona Norte, São Paulo",1550,48.0,2.0
norte,"Jardim Paraíso, São Paulo Zona Norte, São Paulo",1600,65.0,2.0
norte,"Água Fria, São Paulo Zona Norte, São Paulo",3200,158.0,4.0
norte,"Rua João De Sousa Dias, Jardim Virgínia Bianca, São Paulo Zona Norte, São Paulo",3800,107.0,3.0
norte,"Rua Soldado José Fernandes Da Silva, Jardim Japão, São Paulo Zona Norte, São Paulo",2000,60.0,3.0
norte,"Vila Cruz Das Almas, São Paulo Zona Norte, São Paulo",1050,48.0,2.0
norte,"Rua Desembargador Euclides Da Silveira, Casa Verde, São Paulo Zona Norte, São Paulo",4700,80.0,2.0
norte,"Vila Medeiros, São Paulo Zona Norte, São Paulo",1500,48.0,2.0
norte,"Limão, São Paulo Zona Norte, São Paulo",2800,98.0,3.0
norte,"Sítio Morro Grande, São Paulo Zona Norte, São Paulo",1600,40.0,2.0
norte,"Vila Marina, São Paulo Zona Norte, São Paulo",1650,47.0,2.0
norte,"Av. Do Guacá, Lauzane Paulista, São Paulo Zona Norte, São Paulo",3900,80.0,3.0
norte,"Limão, São Paulo Zona Norte, São Paulo",1610,49.0,2.0
norte,"Rua Joseph Nigri, Jardim Peri, São Paulo Zona Norte, São Paulo",4000,83.0,2.0
norte,"Jardim Mariliza, São Paulo Zona Norte, São Paulo",1435,60.0,2.0
norte,"Rua Jacofer, Jardim Pereira Leite, São Paulo Zona Norte, São Paulo",2314,60.0,2.0
norte,"Protendit, São Paulo Zona Norte, São Paulo",1700,50.0,2.0
norte,"Rua Augusto Tolle, Santana, São Paulo Zona Norte, São Paulo",6000,217.0,4.0
norte,"Jardim Peri, São Paulo Zona Norte, São Paulo",1800,50.0,2.0
norte,"Rua Cândida Franco De Barros, Itaberaba, São Paulo Zona Norte, São Paulo",2200,45.0,2.0
norte,"Avenida Nelson Palma Travassos, Loteamento City Jaragua, São Paulo Zona Norte, São Paulo",1080,46.0,2.0
norte,"Rua Padre Gualberto De Lima, Parque Monteiro Soares, São Paulo Zona Norte, São Paulo",1200,55.0,2.0
norte,"Avenida Braz Leme, Santana, São Paulo Zona Norte, São Paulo",3000,105.0,3.0
norte,"Rua Ezequiel Freire, Santana, São Paulo Zona Norte, São Paulo",2100,44.0,1.0
norte,"Rua Eduardo Leopoldo, Vila Guilherme, São Paulo Zona Norte, São Paulo",2790,65.0,2.0
norte,"Avenida Clavásio Alves Da Silva, Vila Siqueira (zona Norte), São Paulo Zona Norte, São Paulo",1866,57.0,2.0
norte,"Vila Amália, São Paulo Zona Norte, São Paulo",1350,50.0,2.0
norte,"Rua Vitalina Moura, Vila Roque, São Paulo Zona Norte, São Paulo",1390,55.0,2.0
norte,"Vila Barbosa, São Paulo Zona Norte, São Paulo",1500,50.0,2.0
norte,"Rua Tito Nicolau, Vila Amália, São Paulo Zona Norte, São Paulo",1350,52.0,2.0
norte,"Avenida Marechal Eurico Gaspar Dutra, Santana, São Paulo Zona Norte, São Paulo",2500,68.0,3.0
norte,"Santana, São Paulo Zona Norte, São Paulo",1350,60.0,2.0
norte,"Rua Flor De Ouro, Vila Nova Galvão, São Paulo Zona Norte, São Paulo",750,35.0,1.0
norte,"Jardim Centenário, São Paulo Zona Norte, São Paulo",1300,47.0,2.0
norte,"Avenida Nossa Senhora Do Ó, Limão, São Paulo Zona Norte, São Paulo",1650,50.0,2.0
norte,"Rua Rubiácea, Água Fria, São Paulo Zona Norte, São Paulo",3200,83.0,3.0
norte,"Rua Itza, Jardim Modelo, São Paulo Zona Norte, São Paulo",1800,56.0,2.0
norte,"Vila Mangalot, São Paulo Zona Norte, São Paulo",2600,75.0,
norte,"Itaberaba, São Paulo Zona Norte, São Paulo",1450,50.0,2.0
norte,"Vila Amália, São Paulo Zona Norte, São Paulo",1350,52.0,2.0
norte,"Rua Alfredo Pujol, Santana, São Paulo Zona Norte, São Paulo",3000,135.0,3.0
norte,"Jardim Regina, São Paulo Zona Norte, São Paulo",1300,55.0,2.0
norte,"Avenida Michihisa Murata, Jardim Maristela, São Paulo Zona Norte, São Paulo",1200,58.0,2.0
norte,"Rua Severa,
                1041, Vila Maria, São Paulo Zona Norte, São Paulo",2080,58.0,2.0
norte,"Rua Tito Nicolau, Vila Amália, São Paulo Zona Norte, São Paulo",1350,52.0,2.0
norte,"Avenida Do Guacá, Lauzane Paulista, São Paulo Zona Norte, São Paulo",3500,87.0,3.0
norte,"Rua Doutor Guilherme Cristofel, Santana, São Paulo Zona Norte, São Paulo",2100,68.0,2.0
norte,"Rua Guaraja, Vila Mazzei, São Paulo Zona Norte, São Paulo",2100,65.0,3.0
norte,"Avenida Edu Chaves, Parque Edu Chaves, São Paulo Zona Norte, São Paulo",1500,69.0,2.0
norte,"Rua João Amado Coutinho, Conjunto Residencial Elisio Teixeira Leite, São Paulo Zona Norte, São Paulo",1000,52.0,2.0
norte,"Rua Jerônima Dias, Água Fria, São Paulo Zona Norte, São Paulo",4450,252.0,3.0
norte,"Santana, São Paulo Zona Norte, São Paulo",1500,74.0,2.0
norte,"Rua Roque De Morais, Limão, São Paulo Zona Norte, São Paulo",1600,74.0,2.0
norte,"Avenida Monte Celeste, Vila Santa Maria, São Paulo Zona Norte, São Paulo",2300,56.0,2.0
norte,"Rua Vicente Ferreira Leite, Vila Siqueira (zona Norte), São Paulo Zona Norte, São Paulo",1400,50.0,2.0
norte,"Loteamento City Jaragua, São Paulo Zona Norte, São Paulo",950,46.0,2.0
norte,"Rua Comandante Antônio Paiva Sampaio, Parque Vitória, São Paulo Zona Norte, São Paulo",2400,60.0,2.0
norte,"Casa Verde, São Paulo Zona Norte, São Paulo",2300,67.0,2.0
norte,"Avenida Sebastião Henriques, Vila Siqueira (zona Norte), São Paulo Zona Norte, São Paulo",2000,65.0,2.0
norte,"Avenida Doutor Francisco Ranieri, Lauzane Paulista, São Paulo Zona Norte, São Paulo",1100,55.0,2.0
norte,"Rua Daniel Vieira, Vila Guaca, São Paulo Zona Norte, São Paulo",1300,48.0,2.0
norte,"Rua Carolina Soares, Vila Diva (zona Norte), São Paulo Zona Norte, São Paulo",1300,39.0,1.0
norte,"Rua Carolina Soares, Vila Diva (zona Norte), São Paulo Zona Norte, São Paulo",1300,39.0,1.0
norte,"Rua Carolina Soares, Vila Diva (zona Norte), São Paulo Zona Norte, São Paulo",1300,39.0,1.0
norte,"Rua Carolina Soares, Vila Diva (zona Norte), São Paulo Zona Norte, São Paulo",1300,39.0,1.0
norte,"Rua Carolina Soares, Vila Diva (zona Norte), São Paulo Zona Norte, São Paulo",1300,39.0,1.0
norte,"Rua Carolina Soares, Vila Diva (zona Norte), São Paulo Zona Norte, São Paulo",1300,39.0,1.0
norte,"Rua Carolina Soares, Vila Diva (zona Norte), São Paulo Zona Norte, São Paulo",1300,39.0,1.0
norte,"Rua Carolina Soares, Vila Diva (zona Norte), São Paulo Zona Norte, São Paulo",1300,39.0,1.0
norte,"Rua Carolina Soares, Vila Diva (zona Norte), São Paulo Zona Norte, São Paulo",1300,39.0,1.0
norte,"Rua Carolina Soares, Vila Diva (zona Norte), São Paulo Zona Norte, São Paulo",1300,39.0,1.0
norte,"Rua Carolina Soares, Vila Diva (zona Norte), São Paulo Zona Norte, São Paulo",1300,39.0,1.0
norte,"Rua Carolina Soares, Vila Diva (zona Norte), São Paulo Zona Norte, São Paulo",1300,39.0,1.0
norte,"Rua Carolina Soares, Vila Diva (zona Norte), São Paulo Zona Norte, São Paulo",1300,39.0,1.0
norte,"Rua Carolina Soares, Vila Diva (zona Norte), São Paulo Zona Norte, São Paulo",1300,39.0,1.0
norte,"Avenida Deputado Emílio Carlos, Limão, São Paulo Zona Norte, São Paulo",1350,58.0,2.0
norte,"Rua Tito Nicolau, Vila Amália, São Paulo Zona Norte, São Paulo",1350,52.0,2.0
norte,"Santa Teresinha, São Paulo Zona Norte, São Paulo",2950,73.0,2.0
norte,"Vila Nivi, São Paulo Zona Norte, São Paulo",2200,66.0,3.0
norte,"Rua Josefina Arnoni, Vila Irmãos Arnoni, São Paulo Zona Norte, São Paulo",1100,55.0,2.0
norte,"Rua Antônio Ribeiro De Morais, Vila Carbone, São Paulo Zona Norte, São Paulo",1800,70.0,3.0
norte,"Rua Carolina Soares, Vila Diva (zona Norte), São Paulo Zona Norte, São Paulo",1300,39.0,1.0
norte,"Rua Carolina Soares, Vila Diva (zona Norte), São Paulo Zona Norte, São Paulo",1300,39.0,1.0
norte,"Rua Carolina Soares, Vila Diva (zona Norte), São Paulo Zona Norte, São Paulo",1300,39.0,1.0
norte,"Rua Carolina Soares, Vila Diva (zona Norte), São Paulo Zona Norte, São Paulo",1300,39.0,1.0
norte,"Vila Palmeiras, São Paulo Zona Norte, São Paulo",2200,70.0,3.0
norte,"Alfredo Pujol, Santana, São Paulo Zona Norte, São Paulo",1500,74.0,2.0
norte,"Rua Pedro Doll, Santana, São Paulo Zona Norte, São Paulo",1800,36.0,1.0
norte,"Jardim Cidade Pirituba, São Paulo Zona Norte, São Paulo",1400,40.0,1.0
norte,"Santana, São Paulo Zona Norte, São Paulo",1650,59.0,2.0
norte,"Santana, São Paulo Zona Norte, São Paulo",2500,45.0,1.0
norte,"Rua Itamonte, Vila Medeiros, São Paulo Zona Norte, São Paulo",1500,48.0,2.0
norte,"Vila Gustavo, São Paulo Zona Norte, São Paulo",1900,50.0,2.0
norte,"Jardim São Paulo, São Paulo Zona Norte, São Paulo",3200,61.0,2.0
norte,"Rua General Nestor Passos, Jardim Paraíso, São Paulo Zona Norte, São Paulo",1900,40.0,2.0
norte,"Rua Cezar Zama, Santana, São Paulo Zona Norte, São Paulo",4900,160.0,3.0
norte,"Praça Garção Tinoco, Santana, São Paulo Zona Norte, São Paulo",2330,75.0,3.0
norte,"Jardim Cidade Pirituba, São Paulo Zona Norte, São Paulo",1600,83.0,3.0
norte,"Nao Informado, Santana, São Paulo Zona Norte, São Paulo",3500,220.0,4.0
norte,"Rua Francisca Júlia, Santana, São Paulo Zona Norte, São Paulo",3500,154.0,4.0
norte,"Rua Voluntários Da Pátria, Santana, São Paulo Zona Norte, São Paulo",1600,87.0,3.0
norte,"Tucuruvi, São Paulo Zona Norte, São Paulo",1500,70.0,2.0
norte,"Rua Major Dantas Cortez, Vila Gustavo, São Paulo Zona Norte, São Paulo",1900,50.0,2.0
norte,"Rua Jacofer, Jardim Pereira Leite, São Paulo Zona Norte, São Paulo",3100,86.0,3.0
norte,"Rua Jardimirim, Jardim Do Colégio (zona Norte), São Paulo Zona Norte, São Paulo",2500,60.0,2.0
norte,"Rua Ciridião Durval, Vila Paulista, São Paulo Zona Norte, São Paulo",1600,60.0,2.0
norte,"Rua Aragão, Vila Mazzei, São Paulo Zona Norte, São Paulo",1800,52.0,2.0
norte,"Rua General Nestor Passos, Jardim Paraíso, São Paulo Zona Norte, São Paulo",2000,40.0,2.0
norte,"Rua Professor José Miziara, Santa Teresinha, São Paulo Zona Norte, São Paulo",2350,75.0,3.0
norte,"Rua General Nestor Passos, Jardim Paraíso, São Paulo Zona Norte, São Paulo",1900,40.0,2.0
norte,"Rua Ezequiel Freire, Santana, São Paulo Zona Norte, São Paulo",2300,44.0,1.0
norte,"Avenida Coronel Sezefredo Fagundes, Tucuruvi, São Paulo Zona Norte, São Paulo",1250,60.0,2.0
norte,"Rua Voluntários Da Pátria, Santana, São Paulo Zona Norte, São Paulo",1600,80.0,2.0
norte,"Rua Rubiácea, Água Fria, São Paulo Zona Norte, São Paulo",3200,83.0,3.0
norte,"Rua Manoel De Souza Azevedo, Sítio Morro Grande, São Paulo Zona Norte, São Paulo",1600,40.0,2.0
norte,"Avenida Guilherme Cotching, Vila Maria, São Paulo Zona Norte, São Paulo",2800,80.0,4.0
norte,"Rua Cauré, Vila Mazzei, São Paulo Zona Norte, São Paulo",1400,52.0,2.0
norte,"Rua Doutor Olavo Egídio, Santana, São Paulo Zona Norte, São Paulo",4000,60.0,1.0
norte,"Vila Maria, São Paulo Zona Norte, São Paulo",2800,80.0,4.0
norte,"Casa Verde, São Paulo Zona Norte, São Paulo",2300,68.0,2.0
norte,"Rua Monte D Ouro, Tucuruvi, São Paulo Zona Norte, São Paulo",1400,32.0,1.0
norte,"Rua Antônio Dias Da Silva, Vila Amália, São Paulo Zona Norte, São Paulo",1180,60.0,2.0
norte,"Rua Aviador Gil Guilherme, Santana, São Paulo Zona Norte, São Paulo",3500,76.0,2.0
norte,"Vila Mangalot, São Paulo Zona Norte, São Paulo",1100,51.0,2.0
norte,"Rua Do Canal, Vila Guilherme, São Paulo Zona Norte, São Paulo",2640,64.0,2.0
norte,"Santa Teresinha, São Paulo Zona Norte, São Paulo",2200,80.0,3.0
norte,"Vila Roque, São Paulo Zona Norte, São Paulo",1400,50.0,2.0
norte,"Vila Nova Cachoeirinha, São Paulo Zona Norte, São Paulo",1300,68.0,2.0
norte,"Vila Mangalot, São Paulo Zona Norte, São Paulo",1500,35.0,2.0
norte,"Av. Nelson Palma Travassos - Jardim Pirituba, Loteamento City Jaragua, São Paulo Zona Norte, São Paulo",1500,42.0,2.0
norte,"Praça Yedo, Vila Maria Alta, São Paulo Zona Norte, São Paulo",1400,70.0,2.0
norte,"Jardim Cidade Pirituba, São Paulo Zona Norte, São Paulo",1400,50.0,1.0
norte,"Lauzane Paulista, São Paulo Zona Norte, São Paulo",2900,60.0,2.0
norte,"Avenida Edu Chaves, Parque Edu Chaves, São Paulo Zona Norte, São Paulo",1500,69.0,2.0
norte,"Jardim Cidade Pirituba, São Paulo Zona Norte, São Paulo",1550,45.0,2.0
norte,"Jardim Cidade Pirituba, São Paulo Zona Norte, São Paulo",1350,40.0,1.0
norte,"Vila Guaca, São Paulo Zona Norte, São Paulo",1300,48.0,2.0
norte,"Av. Do Guacá, Lauzane Paulista, São Paulo Zona Norte, São Paulo",5000,235.0,4.0
norte,"Jardim Centenário, São Paulo Zona Norte, São Paulo",1400,48.0,2.0
norte,"Parque Edu Chaves, São Paulo Zona Norte, São Paulo",1500,69.0,2.0
norte,"Rua Doutor Orlando Zamitti Mammana, Jardim Paraíso, São Paulo Zona Norte, São Paulo",3000,80.0,3.0
norte,"Rua José Debieux, Santana, São Paulo Zona Norte, São Paulo",3000,53.0,2.0
norte,"Rua Paulo Vidigal Vicente De Azevedo, Vila Siqueira (zona Norte), São Paulo Zona Norte, São Paulo",2000,58.0,2.0
norte,"Vila Barreto, São Paulo Zona Norte, São Paulo",1800,48.0,2.0
norte,"Avenida Michihisa Murata, Jardim Maristela, São Paulo Zona Norte, São Paulo",1100,58.0,2.0
norte,"Avenida General Ataliba Leonel, Santana, São Paulo Zona Norte, São Paulo",1790,70.0,2.0
norte,"Vila Nova Cachoeirinha, São Paulo Zona Norte, São Paulo",1200,82.0,3.0
norte,"Santana, São Paulo Zona Norte, São Paulo",4500,70.0,2.0
norte,"Avenida General Ataliba Leonel, Santana, São Paulo Zona Norte, São Paulo",1790,60.0,2.0
norte,"Praça Do Centenário, Casa Verde, São Paulo Zona Norte, São Paulo",1900,100.0,2.0
norte,"Santana, São Paulo Zona Norte, São Paulo",1300,50.0,1.0
norte,"Casa Verde, São Paulo Zona Norte, São Paulo",1650,60.0,2.0
norte,"Vila Nova Cachoeirinha, São Paulo Zona Norte, São Paulo",1750,46.0,2.0
norte,"Rua Atílio Piffer, Casa Verde, São Paulo Zona Norte, São Paulo",2500,94.0,3.0
norte,"Sítio Do Morro, São Paulo Zona Norte, São Paulo",1300,55.0,2.0
sul,"Rua Peixoto Gomide, 1491, Jardim Paulista, São Paulo Zona Sul, São Paulo",6000,110.0,3.0
sul,"Rua João De Lacerda Soares, 133, Jardim Das Acácias, São Paulo Zona Sul, São Paulo",2200,70.0,1.0
sul,"Jardim Paulista, São Paulo Zona Sul, São Paulo",5100,53.0,1.0
sul,"Vila Independência, São Paulo Zona Sul, São Paulo",2100,60.0,2.0
sul,"Jardim Paulista, São Paulo Zona Sul, São Paulo",2900,40.0,1.0
sul,"Jardim Paulista, São Paulo Zona Sul, São Paulo",2800,45.0,1.0
sul,"Rua Maria José Da Conceição, Vila Andrade, São Paulo Zona Sul, São Paulo",1950,58.0,2.0
sul,"Itaim Bibi, São Paulo Zona Sul, São Paulo",13000,215.0,5.0
sul,"Rua Zike Tuma, 744 - Jardim Ubirajara, São Paulo - Sp, Brasil, Jardim São Jorge, São Paulo Zona Sul, São Paulo",1000,50.0,2.0
sul,"R. Do Manifesto, 1558, Ipiranga, São Paulo Zona Sul, São Paulo",1399,59.0,1.0
sul,"Rua Cândida Medeiros Da Silva, 92, Jardim Patente Novo, São Paulo Zona Sul, São Paulo",1300,62.0,2.0
sul,"Rua Bom Pastor, 1426, Ipiranga, São Paulo Zona Sul, São Paulo",1550,78.0,2.0
sul,"Rua Bom Pastor, 1426, Ipiranga, São Paulo Zona Sul, São Paulo",1750,83.0,2.0
sul,"Avenida Fagundes Filho, 744, Vila Monte Alegre, São Paulo Zona Sul, São Paulo",3300,74.0,3.0
sul,"Rua Bom Pastor, 1557, Ipiranga, São Paulo Zona Sul, São Paulo",2100,33.0,1.0
sul,"Rua Jean De La Huerta, 1013, Vila Brasilina, São Paulo Zona Sul, São Paulo",1600,160.0,2.0
sul,"R. Eduardo Carlos Pereira, 391, Vila Dom Pedro I, São Paulo Zona Sul, São Paulo",1699,70.0,2.0
sul,"Rua Lino Coutinho, 0836, Ipiranga, São Paulo Zona Sul, São Paulo",1299,60.0,1.0
sul,"Rua Malvina Ferrara Samarone, 100, Vila Moinho Velho, São Paulo Zona Sul, São Paulo",2000,45.0,1.0
sul,"R. Alencar Araripe, 74, Sacomã, São Paulo Zona Sul, São Paulo",1300,39.0,2.0
sul,"Vila Olímpia - São Paulo/sp, Vila Olímpia, São Paulo Zona Sul, São Paulo",2300,45.0,
sul,"Rua Mil Oitocentos E Vinte E Dois, 895, Ipiranga, São Paulo Zona Sul, São Paulo",3400,63.0,2.0
sul,"Rua Doutor Gentil Leite Martins, 152, Vila Nova Caledônia, São Paulo Zona Sul, São Paulo",2100,63.0,2.0
sul,"Rua Lino Coutinho, 0237, Ipiranga, São Paulo Zona Sul, São Paulo",2200,87.0,2.0
sul,"Rua Marquês De Olinda, 464, Vila Dom Pedro I, São Paulo Zona Sul, São Paulo",2000,70.0,2.0
sul,"R. Dr. Nicolau Alberto Defina - Jardim Da Saúde, São Paulo - Sp, Brasil, Jardim Saúde, São Paulo Zona Sul, São Paulo",1350,70.0,2.0
sul,"Rua José Quaresma Júnior, 675 - Parque Grajau, São Paulo - Sp, Brasil, Parque Grajaú, São Paulo Zona Sul, São Paulo",750,35.0,1.0
sul,"Jardim Paulista, São Paulo Zona Sul, São Paulo",4000,190.0,3.0
sul,"Vila Do Encontro, São Paulo Zona Sul, São Paulo",1300,60.0,2.0
sul,"Avenida Do Cursino, 5781 - Vila Moraes, São Paulo - Sp, Brasil, Sacomã, São Paulo Zona Sul, São Paulo",1500,45.0,2.0
sul,"Vila Mariana, São Paulo Zona Sul, São Paulo",4500,139.0,4.0
sul,"Rua Doutor Fadlo Haidar, 165, Vila Olímpia, São Paulo Zona Sul, São Paulo",6500,110.0,3.0
sul,"Altino Arantes, Vila Clementino, São Paulo Zona Sul, São Paulo",4100,119.0,1.0
sul,"R. Bom Pastor, 2056, Ipiranga, São Paulo Zona Sul, São Paulo",1600,34.0,1.0
sul,"Avenida Giovanni Gronchi, Vila Andrade, São Paulo Zona Sul, São Paulo",3900,96.0,2.0
sul,"Moema - São Paulo/sp, Moema, São Paulo Zona Sul, São Paulo",3200,64.0,
sul,"R. Tabor, 491, Ipiranga, São Paulo Zona Sul, São Paulo",2500,50.0,2.0
sul,"Rod. Anchieta, 580, Vila Moinho Velho, São Paulo Zona Sul, São Paulo",1100,32.0,1.0
sul,"R. Dr. Clemente Jobim, 65, Jardim Da Glória, São Paulo Zona Sul, São Paulo",1500,29.0,1.0
sul,"Vila Nova Conceição - São Paulo/sp, Vila Nova Conceição, São Paulo Zona Sul, São Paulo",3600,50.0,
sul,"R. Alessandro Alberti, 21, Jardim Celeste, São Paulo Zona Sul, São Paulo",1200,45.0,2.0
sul,"Vila Olímpia, São Paulo Zona Sul, São Paulo",5200,98.0,2.0
sul,"Rua Xavier De Almeida, 0235, Ipiranga, São Paulo Zona Sul, São Paulo",2500,100.0,3.0
sul,"Av. Carioca, 745, Vila Carioca, São Paulo Zona Sul, São Paulo",2200,52.0,2.0
sul,"Itaim Bibi - São Paulo/sp, Itaim Bibi, São Paulo Zona Sul, São Paulo",6800,186.0,3.0
sul,"Largo Senador Raul Cardoso, Vila Clementino, São Paulo Zona Sul, São Paulo",10000,250.0,4.0
sul,"Vila Olímpia, São Paulo Zona Sul, São Paulo",2600,82.0,2.0
sul,"Jardim Paulista - São Paulo/sp, Jardim Paulista, São Paulo Zona Sul, São Paulo",3500,96.0,
sul,"Vila Olímpia, São Paulo Zona Sul, São Paulo",2400,66.0,2.0
sul,"R. Marquês De Lages, 1607, Vila Moraes, São Paulo Zona Sul, São Paulo",1100,60.0,2.0
sul,"Rua Agostinho Gomes, 1326, Ipiranga, São Paulo Zona Sul, São Paulo",1800,45.0,1.0
sul,"Rod. Anchieta, 580, Vila Moinho Velho, São Paulo Zona Sul, São Paulo",1400,38.0,2.0
sul,"Vila Olímpia, São Paulo Zona Sul, São Paulo",4000,35.0,1.0
sul,"Vila Nova Conceição, São Paulo Zona Sul, São Paulo",3150,71.0,2.0
sul,"Vila Olímpia, São Paulo Zona Sul, São Paulo",3500,65.0,2.0
sul,"Vila Olímpia, São Paulo Zona Sul, São Paulo",2500,74.0,2.0
sul,"R. Lino Guedes, 128, Vila Brasílio Machado, São Paulo Zona Sul, São Paulo",2300,65.0,2.0
sul,"Vila Olímpia, São Paulo Zona Sul, São Paulo",5000,68.0,2.0
sul,"Vila Nova Conceição, São Paulo Zona Sul, São Paulo",4000,89.0,2.0
sul,"Vila Olímpia, São Paulo Zona Sul, São Paulo",4500,96.0,3.0
sul,"Rua Said Aiach - Paraíso, São Paulo - Sp, Brasil, Ibirapuera, São Paulo Zona Sul, São Paulo",19000,280.0,3.0
sul,"Vila Moraes, São Paulo Zona Sul, São Paulo",2000,62.0,3.0
sul,"Vila Nova Conceição - São Paulo/sp, Vila Nova Conceição, São Paulo Zona Sul, São Paulo",2300,70.0,1.0
sul,"Vila Guarani (z Sul), São Paulo Zona Sul, São Paulo",1100,35.0,1.0
sul,"Itaim Bibi - São Paulo/sp, Itaim Bibi, São Paulo Zona Sul, São Paulo",2950,55.0,
sul,"Rua José Antônio Coelho 764, Vila Mariana, São Paulo Zona Sul, São Paulo",5000,90.0,3.0
sul,"Rua Doutor Benedito Matarazzo - Parque Maria Helena, São Paulo - Sp, Brasil, Capão Redondo, São Paulo Zona Sul, São Paulo",800,30.0,1.0
sul,"Rua Vigário Albernaz 523, Vila Gumercindo, São Paulo Zona Sul, São Paulo",1900,74.0,3.0
sul,"Ref 914, Jardim São Bernardo, São Paulo Zona Sul, São Paulo",1500,56.0,2.0
sul,"Rua Capitão Otávio Machado, 950 - Chácara Santo Antônio (zona Sul), São Paulo - Sp, Brasil, Chácara Santo Antônio (capital Zona Sul), São Paulo Zona Sul, São Paulo",4750,100.0,3.0
sul,"Itaim Bibi - São Paulo/sp, Itaim Bibi, São Paulo Zona Sul, São Paulo",2000,45.0,1.0
sul,"Vila Olímpia, São Paulo Zona Sul, São Paulo",4200,80.0,3.0
sul,"Rua José Maria Lisboa, 330 - Jardim Paulista, São Paulo - Sp, Brasil, Jardim Paulista, São Paulo Zona Sul, São Paulo",15000,140.0,3.0
sul,"Rua Das Camélias, Mirandópolis, São Paulo Zona Sul, São Paulo",2500,65.0,2.0
sul,"Rua Dos Jacintos, 15, Mirandópolis, São Paulo Zona Sul, São Paulo",2500,30.0,1.0
sul,"Rua Dos Jacintos, 15, Mirandópolis, São Paulo Zona Sul, São Paulo",2500,30.0,1.0
sul,"Rua Dos Jacintos, 15, Mirandópolis, São Paulo Zona Sul, São Paulo",2300,30.0,1.0
sul,"Rua Adolfo Reile, Jardim Celeste, São Paulo Zona Sul, São Paulo",1400,32.0,1.0
sul,"Rua Joaquim Nunes Teixeira - Vila Plana, São Paulo - Sp, Brasil, Vila Das Belezas, São Paulo Zona Sul, São Paulo",1500,40.0,2.0
sul,"Rua Jaracatiá, 165 - Jardim Umarizal, São Paulo - Sp, Brasil, Campo Limpo, São Paulo Zona Sul, São Paulo",1800,52.0,2.0
sul,"Estrada Dos Mirandas - Jardim Maria Duarte, São Paulo - Sp, Brasil, Campo Limpo, São Paulo Zona Sul, São Paulo",1800,52.0,2.0
sul,"Al. Jauaperi, Moema, São Paulo Zona Sul, São Paulo",3500,75.0,2.0
sul,"Rua Doutor Rafael De Barros,, Paraíso, São Paulo Zona Sul, São Paulo",15000,262.0,4.0
sul,"Rua Itacema, Itaim Bibi, São Paulo Zona Sul, São Paulo",2650,70.0,1.0
sul,"R Teixeira Da Silva, Paraíso, São Paulo Zona Sul, São Paulo",5000,100.0,3.0
sul,"Avenida Presidente Juscelino Kubitschek,, Vila Nova Conceição, São Paulo Zona Sul, São Paulo",8523,57.0,
sul,"Rua Correia De Lemos, Vila Mariana, São Paulo Zona Sul, São Paulo",2900,65.0,2.0
sul,"Rua Do Arraial, Vila Mariana, São Paulo Zona Sul, São Paulo",2800,75.0,3.0
sul,"Jardim Brasil (zona Sul), São Paulo Zona Sul, São Paulo",2980,84.0,3.0
sul,"Moema, São Paulo Zona Sul, São Paulo",4900,67.0,2.0
sul,"Rua Das Flechas, Vila Santa Catarina, São Paulo Zona Sul, São Paulo",3300,72.0,2.0
sul,"Brooklin Paulista, São Paulo Zona Sul, São Paulo",8250,96.0,2.0
sul,"Alameda Jaú, Jardim Paulista, São Paulo Zona Sul, São Paulo",7000,71.0,2.0
sul,"Rua Gabriele D Annunzio, Campo Belo, São Paulo Zona Sul, São Paulo",2750,62.0,2.0
sul,"Rua Guarará, Jardim Paulista, São Paulo Zona Sul, São Paulo",23000,200.0,3.0
sul,"Vila Gertrudes, São Paulo Zona Sul, São Paulo",12000,132.0,3.0
sul,"Avenida Coronel Francisco Júlio César Alfieri, Vila São Paulo, São Paulo Zona Sul, São Paulo",2600,69.0,3.0
sul,"Rua Fernando De Noronha, Chácara Inglesa, São Paulo Zona Sul, São Paulo",2000,58.0,2.0
sul,"Alameda  Gabriel Monteiro Da Silva, Jardim América, São Paulo Zona Sul, São Paulo",7000,70.0,2.0
sul,"Avenida Jabaquara, Mirandópolis, São Paulo Zona Sul, São Paulo",175000,40.0,1.0
sul,"Saúde, São Paulo Zona Sul, São Paulo",2500,80.0,1.0
sul,"Vila Olímpia, São Paulo Zona Sul, São Paulo",2600,54.0,2.0
sul,"Rua Balthazar Da Veiga, Vila Nova Conceição, São Paulo Zona Sul, São Paulo",4603,61.0,2.0
sul,"Aclimação, São Paulo Zona Sul, São Paulo",1080,23.0,1.0
sul,"Campo Belo, São Paulo Zona Sul, São Paulo",10000,276.0,4.0
sul,"Chácara Inglesa, São Paulo Zona Sul, São Paulo",3200,85.0,3.0
sul,"Vila Gertrudes, São Paulo Zona Sul, São Paulo",780000,50.0,1.0
sul,"Vila Uberabinha, São Paulo Zona Sul, São Paulo",5500,209.0,4.0
sul,"Indianópolis, São Paulo Zona Sul, São Paulo",4500,48.0,1.0
sul,"Rua Constantino De Sousa, Campo Belo, São Paulo Zona Sul, São Paulo",2800,48.0,1.0
sul,"Alameda Jauaperi, Moema, São Paulo Zona Sul, São Paulo",15000,473.0,4.0
sul,"Alameda Dos Jurupis, Indianópolis, São Paulo Zona Sul, São Paulo",4301,73.0,2.0
sul,"Rua Juquis, Indianópolis, São Paulo Zona Sul, São Paulo",23000,210.0,3.0
sul,"Alameda Jauaperi, Moema, São Paulo Zona Sul, São Paulo",8500,165.0,4.0
sul,"Rua José Maria Lisboa, Jardim Paulista, São Paulo Zona Sul, São Paulo",4000,118.0,3.0
sul,"Vila Gertrudes, São Paulo Zona Sul, São Paulo",3900,40.0,1.0
sul,"Rua Cônego José Norberto, Vila Brasílio Machado, São Paulo Zona Sul, São Paulo",2300,70.0,3.0
sul,"Avenida Doutor Altino Arantes, Vila Clementino, São Paulo Zona Sul, São Paulo",2500,40.0,1.0
sul,"Rua Pedroso Alvarenga, Itaim Bibi, São Paulo Zona Sul, São Paulo",5200,172.0,3.0
sul,"Rua Jaci, Chácara Inglesa, São Paulo Zona Sul, São Paulo",2990,75.0,3.0
sul,"Rua Afonso De Freitas, Paraíso, São Paulo Zona Sul, São Paulo",3700,137.0,3.0
sul,"Rua Professor Arnaldo João Semeraro, Jardim Santa Emília, São Paulo Zona Sul, São Paulo",1600,65.0,3.0
sul,"Avenida Açocê, Indianópolis, São Paulo Zona Sul, São Paulo",14500,200.0,3.0
sul,"Rua Guapiaçu, Vila Clementino, São Paulo Zona Sul, São Paulo",6800,212.0,4.0
sul,"Rua Doutor Bacelar, Vila Clementino, São Paulo Zona Sul, São Paulo",6900,130.0,3.0
sul,"Alameda Jaú, Jardim Paulista, São Paulo Zona Sul, São Paulo",7000,71.0,1.0
sul,"Rua Pedroso Alvarenga, Itaim Bibi, São Paulo Zona Sul, São Paulo",5600,120.0,3.0
sul,"Rua Gabriele D Annunzio, Campo Belo, São Paulo Zona Sul, São Paulo",18000,234.0,3.0
sul,"Rua Doutor Paschoal Imperatriz, Vila Gertrudes, São Paulo Zona Sul, São Paulo",4200,55.0,1.0
sul,"Rua Guararapes, Brooklin Paulista, São Paulo Zona Sul, São Paulo",3200,52.0,1.0
sul,"Rua Manuel Da Nóbrega, Paraíso, São Paulo Zona Sul, São Paulo",5200,157.0,3.0
sul,"Jardim Dom Bosco, São Paulo Zona Sul, São Paulo",4500,92.0,2.0
sul,"Rua Dos Caciques, Vila Da Saúde, São Paulo Zona Sul, São Paulo",4600,85.0,2.0
sul,"Rua Três De Maio, Vila Clementino, São Paulo Zona Sul, São Paulo",2500,60.0,2.0
sul,"Avenida Doutor Altino Arantes, Vila Clementino, São Paulo Zona Sul, São Paulo",2300,61.0,2.0
sul,"Jardim Vila Mariana, São Paulo Zona Sul, São Paulo",5500,265.0,4.0
sul,"Rua Pedro De Toledo, Vila Clementino, São Paulo Zona Sul, São Paulo",2600,55.0,2.0
sul,"Rua Loefgreen, Vila Clementino, São Paulo Zona Sul, São Paulo",2500,81.0,3.0
sul,"Jardim Paulista, São Paulo Zona Sul, São Paulo",3200,65.0,2.0
sul,"Vila Olímpia, São Paulo Zona Sul, São Paulo",5500,100.0,3.0
sul,"Jardim Paulista, São Paulo Zona Sul, São Paulo",8500,76.0,2.0
sul,"Vila Sofia, São Paulo Zona Sul, São Paulo",2113,75.0,3.0
sul,"Alameda Dos Aicás, Indianópolis, São Paulo Zona Sul, São Paulo",10000,182.0,4.0
sul,"Rua Doutor Guilherme Bannitz, Itaim Bibi, São Paulo Zona Sul, São Paulo",5500,52.0,1.0
sul,"Mirandópolis, São Paulo Zona Sul, São Paulo",2800,30.0,1.0
sul,"Brooklin Paulista, São Paulo Zona Sul, São Paulo",4850,77.0,2.0
sul,"Brooklin Paulista, São Paulo Zona Sul, São Paulo",11550,132.0,2.0
sul,"Santo Amaro, São Paulo Zona Sul, São Paulo",3200,80.0,2.0
sul,"Nova Piraju, São Paulo Zona Sul, São Paulo",3100,70.0,2.0
sul,"Vila Mariana, São Paulo Zona Sul, São Paulo",18500,222.0,4.0
sul,"Brooklin Paulista, São Paulo Zona Sul, São Paulo",6890,116.0,3.0
sul,"Campo Belo, São Paulo Zona Sul, São Paulo",3000,55.0,2.0
sul,"Planalto Paulista, São Paulo Zona Sul, São Paulo",35000,300.0,4.0
sul,"Brooklin Paulista, São Paulo Zona Sul, São Paulo",3300,44.0,1.0
sul,"Vila Guarani (z Sul), São Paulo Zona Sul, São Paulo",1800,82.0,2.0
sul,"Paraíso, São Paulo Zona Sul, São Paulo",3800,141.0,3.0
sul,"Brooklin Paulista, São Paulo Zona Sul, São Paulo",3200,45.0,1.0
sul,"Vila Nova Conceição, São Paulo Zona Sul, São Paulo",22000,226.0,4.0
sul,"Jardim Paulista, São Paulo Zona Sul, São Paulo",3750000,230.0,3.0
sul,"Rua Napoleão De Barros, Vila Clementino, São Paulo Zona Sul, São Paulo",3000,90.0,3.0
sul,"Rua Itacema, Itaim Bibi, São Paulo Zona Sul, São Paulo",7700,188.0,3.0
sul,"Rua Leopoldo Couto De Magalhães Júnior, Itaim Bibi, São Paulo Zona Sul, São Paulo",13799,105.0,2.0
sul,"Jardim Santo Amaro, São Paulo Zona Sul, São Paulo",3000,47.0,1.0
sul,"Vila Gertrudes, São Paulo Zona Sul, São Paulo",4600,70.0,2.0
sul,"Itaim Bibi, São Paulo Zona Sul, São Paulo",7700,188.0,3.0
sul,"Brooklin Paulista, São Paulo Zona Sul, São Paulo",4600,51.0,1.0
sul,"Vila Nova Conceição, São Paulo Zona Sul, São Paulo",5000,62.0,2.0
sul,"Vila Gertrudes, São Paulo Zona Sul, São Paulo",9980,147.0,3.0
sul,"Jardim Paulista, São Paulo Zona Sul, São Paulo",4000,110.0,3.0
sul,"Brooklin Paulista, São Paulo Zona Sul, São Paulo",3500,52.0,1.0
sul,"Jardim Das Acácias, São Paulo Zona Sul, São Paulo",4000,100.0,3.0
sul,"Brooklin Paulista, São Paulo Zona Sul, São Paulo",5000,124.0,3.0
sul,"Chácara Santo Antônio, São Paulo Zona Sul, São Paulo",12000,241.0,3.0
sul,"Paraíso Do Morumbi, São Paulo Zona Sul, São Paulo",2000,57.0,2.0
sul,"Avenida Portugal, Brooklin Paulista, São Paulo Zona Sul, São Paulo",6500,163.0,4.0
sul,"Itaim Bibi, São Paulo Zona Sul, São Paulo",4100,81.0,2.0
sul,"Jardim Paulista, São Paulo Zona Sul, São Paulo",3693,28.0,1.0
sul,"Brooklin Paulista, São Paulo Zona Sul, São Paulo",4500,67.0,1.0
sul,"Vila Gertrudes, São Paulo Zona Sul, São Paulo",4200,48.0,1.0
sul,"Avenida Miruna, Indianópolis, São Paulo Zona Sul, São Paulo",3690,100.0,3.0
sul,"Jardim Paulista, São Paulo Zona Sul, São Paulo",10000,121.0,1.0
sul,"Vila Nova Conceição, São Paulo Zona Sul, São Paulo",11500,104.0,2.0
sul,"Rua Manuel Da Nóbrega, Paraíso, São Paulo Zona Sul, São Paulo",5200,157.0,3.0
sul,"Avenida 11 De Junho, Vila Clementino, São Paulo Zona Sul, São Paulo",3000,200.0,3.0
sul,"Rua Benedito Lapin, Itaim Bibi, São Paulo Zona Sul, São Paulo",5500,60.0,1.0
sul,"Brooklin Paulista, São Paulo Zona Sul, São Paulo",18500,240.0,4.0
sul,"Brooklin Paulista, São Paulo Zona Sul, São Paulo",15800,183.0,3.0
sul,"Rua Dois De Julho, Ipiranga, São Paulo Zona Sul, São Paulo",2600,34.0,1.0
sul,"Avenida Onze De Junho, Vila Clementino, São Paulo Zona Sul, São Paulo",2200,38.0,1.0
sul,"Avenida Giovanni Gronchi, Vila Andrade, São Paulo Zona Sul, São Paulo",2200,93.0,2.0
sul,"Rua Miguel Yunes, Usina Piratininga, São Paulo Zona Sul, São Paulo",2775,62.0,2.0
sul,"Avenida Onze De Junho, Vila Clementino, São Paulo Zona Sul, São Paulo",1900,34.0,1.0
sul,"Jardim Paulista, São Paulo Zona Sul, São Paulo",4500,76.0,2.0
sul,"Vila Gertrudes, São Paulo Zona Sul, São Paulo",17800,180.0,4.0
sul,"Paraíso, São Paulo Zona Sul, São Paulo",12000,333.0,4.0
sul,"Jardim Petrópolis, São Paulo Zona Sul, São Paulo",2200,92.0,3.0
sul,"Rua Mirassol, Vila Clementino, São Paulo Zona Sul, São Paulo",2800,97.0,3.0
sul,"Rua Ilíria, Vila Moinho Velho, São Paulo Zona Sul, São Paulo",1800,58.0,2.0
sul,"Itaim Bibi, São Paulo Zona Sul, São Paulo",5500,232.0,3.0
sul,"Bosque Da Saúde, São Paulo Zona Sul, São Paulo",5300,120.0,3.0
sul,"Rua Tatuí, Jardim Paulista, São Paulo Zona Sul, São Paulo",6000,232.0,3.0
sul,"Itaim Bibi, São Paulo Zona Sul, São Paulo",5700,90.0,2.0
sul,"Vila Nova Conceição, São Paulo Zona Sul, São Paulo",20000,166.0,3.0
sul,"Jardim Paulista, São Paulo Zona Sul, São Paulo",2120,46.0,1.0
sul,"Alameda Franca, Jardim Paulista, São Paulo Zona Sul, São Paulo",5200,71.0,2.0
sul,"Alameda Lorena, Jardim Paulista, São Paulo Zona Sul, São Paulo",7800,168.0,3.0
sul,"Brooklin Paulista, São Paulo Zona Sul, São Paulo",3500,40.0,1.0
sul,"Rua Marcos Lopes, Vila Nova Conceição, São Paulo Zona Sul, São Paulo",6300,86.0,3.0
sul,"Avenida Onze De Junho, Vila Clementino, São Paulo Zona Sul, São Paulo",1600,38.0,1.0
sul,"Santo Amaro, São Paulo Zona Sul, São Paulo",6740,140.0,3.0
sul,"Campo Belo, São Paulo Zona Sul, São Paulo",5000,155.0,3.0
sul,"Vila Olímpia, São Paulo Zona Sul, São Paulo",6500,110.0,2.0
sul,"Vila Olímpia, São Paulo Zona Sul, São Paulo",5500,44.0,1.0
sul,"Vila Gertrudes, São Paulo Zona Sul, São Paulo",3500,51.0,1.0
sul,"Rua Calixto Da Mota, Vila Mariana, São Paulo Zona Sul, São Paulo",5000,66.0,2.0
sul,"Vila Nova Conceição, São Paulo Zona Sul, São Paulo",10900,104.0,1.0
sul,"Campo Belo, São Paulo Zona Sul, São Paulo",15000,220.0,3.0
sul,"Itaim Bibi, São Paulo Zona Sul, São Paulo",7500,170.0,3.0
sul,"Cerqueira César, São Paulo Zona Sul, São Paulo",5435,35.0,1.0
sul,"Rua Princesa Isabel, Brooklin Paulista, São Paulo Zona Sul, São Paulo",3500,95.0,3.0
sul,"Rua Gomes De Carvalho, Vila Olímpia, São Paulo Zona Sul, São Paulo",48000,379.0,4.0
sul,"Brooklin Paulista, São Paulo Zona Sul, São Paulo",3500,55.0,1.0
sul,"Itaim Bibi, São Paulo Zona Sul, São Paulo",5128,98.0,2.0
sul,"Vila Olímpia, São Paulo Zona Sul, São Paulo",5500,60.0,2.0
sul,"Rua Apeninos, Aclimação, São Paulo Zona Sul, São Paulo",2000,57.0,1.0
sul,"Rua Acarapé, Chácara Inglesa, São Paulo Zona Sul, São Paulo",2500,80.0,2.0
sul,"Vila Olímpia, São Paulo Zona Sul, São Paulo",5500,68.0,1.0
sul,"Vila Olímpia, São Paulo Zona Sul, São Paulo",6330,81.0,2.0
sul,"Vila Brasílio Machado, São Paulo Zona Sul, São Paulo",1300,40.0,1.0
sul,"Planalto Paulista, São Paulo Zona Sul, São Paulo",2200,89.0,2.0
sul,"Moema, São Paulo Zona Sul, São Paulo",5000,76.0,2.0
sul,"Rua Primeiro De Janeiro, Vila Clementino, São Paulo Zona Sul, São Paulo",1800,53.0,2.0
sul,"Moema, São Paulo Zona Sul, São Paulo",5500,72.0,2.0
sul,"Coronel Joaquim Ferreira Lôbo, Vila Nova Conceição, São Paulo Zona Sul, São Paulo",4200,35.0,1.0
sul,"Rua Manuel Da Nóbrega, Paraíso, São Paulo Zona Sul, São Paulo",5500,157.0,3.0
sul,"Rua Eça De Queiróz, Vila Mariana, São Paulo Zona Sul, São Paulo",2500,90.0,2.0
sul,"Planalto Paulista, São Paulo Zona Sul, São Paulo",12000,240.0,4.0
sul,"Itaim Bibi, São Paulo Zona Sul, São Paulo",11000,120.0,2.0
sul,"Vila Santa Catarina, São Paulo Zona Sul, São Paulo",3000,53.0,2.0
sul,"Vila Santa Catarina, São Paulo Zona Sul, São Paulo",3000,65.0,3.0
leste,"Chácara Santo Antônio (zona Leste), São Paulo Zona Leste, São Paulo",4000,113.0,3.0
leste,"Rua Barão De Monte Santo, 1619, Moóca, São Paulo Zona Leste, São Paulo",1700,56.0,2.0
leste,"Quinta Da Paineira, São Paulo Zona Leste, São Paulo",1800,43.0,2.0
leste,"Rua Wenceslau Guimarães, Parque Císper, São Paulo Zona Leste, São Paulo",1300,36.0,2.0
leste,"Jardim Dona Sinhá, São Paulo Zona Leste, São Paulo",1200,45.0,2.0
leste,"Rua Peixoto, Vila Buenos Aires, São Paulo Zona Leste, São Paulo",1365,55.0,2.0
leste,"Cidade Patriarca, São Paulo Zona Leste, São Paulo",1450,60.0,3.0
leste,"Jardim São Cristóvão, São Paulo Zona Leste, São Paulo",1500,50.0,2.0
leste,"Jardim Artur Alvim, São Paulo Zona Leste, São Paulo",1100,56.0,2.0
leste,"Cidade Patriarca, São Paulo Zona Leste, São Paulo",1500,52.0,2.0
leste,"Rua Oscar Mariano Da Silva, Vila Robertina, São Paulo Zona Leste, São Paulo",1650,52.0,2.0
leste,"Vila Regente Feijó, São Paulo Zona Leste, São Paulo",4500,70.0,2.0
leste,"Vila Prudente, São Paulo Zona Leste, São Paulo",2200,75.0,3.0
leste,"Vila Prudente, São Paulo Zona Leste, São Paulo",2350,60.0,2.0
leste,"Rua Maria Angélica Soares Gomes, Jardim Matarazzo, São Paulo Zona Leste, São Paulo",1450,50.0,2.0
leste,"Vila Prudente, São Paulo Zona Leste, São Paulo",1400,72.0,3.0
leste,"Vila Gomes Cardim, São Paulo Zona Leste, São Paulo",4500,92.0,3.0
leste,"Vila Prudente, São Paulo Zona Leste, São Paulo",1100,28.0,1.0
leste,"Vila Divina Pastora, São Paulo Zona Leste, São Paulo",1350,65.0,2.0
leste,"Chácara Califórnia, São Paulo Zona Leste, São Paulo",2000,59.0,2.0
leste,"Jardim Silva Teles, São Paulo Zona Leste, São Paulo",1100,50.0,2.0
leste,"Moóca, São Paulo Zona Leste, São Paulo",1700,100.0,2.0
leste,"Rua Tomoichi Shimizu, Colônia (zona Leste), São Paulo Zona Leste, São Paulo",1053,43.0,2.0
leste,"Penha De Franca, São Paulo Zona Leste, São Paulo",1250,55.0,2.0
leste,"Jardim Silva Teles, São Paulo Zona Leste, São Paulo",1100,50.0,2.0
leste,"Rua Sapupira, Jardim Pedro José Nunes, São Paulo Zona Leste, São Paulo",1000,44.0,2.0
leste,"Rua Janguruçu, Parque Da Mooca, São Paulo Zona Leste, São Paulo",1900,40.0,1.0
leste,"Chácara Mafalda, São Paulo Zona Leste, São Paulo",1300,45.0,2.0
leste,"Chácara Santo Antônio (zona Leste), São Paulo Zona Leste, São Paulo",1400,40.0,2.0
leste,"Vila Divina Pastora, São Paulo Zona Leste, São Paulo",1250,75.0,1.0
leste,"Rua Tsutomu Henni, Vila Jacuí, São Paulo Zona Leste, São Paulo",1600,40.0,2.0
leste,"Vila Formosa, São Paulo Zona Leste, São Paulo",1700,68.0,2.0
leste,"Rua Ministro Salgado Filho, Vila Libanesa, São Paulo Zona Leste, São Paulo",2600,56.0,2.0
leste,"Rua Marechal Barbacena,
                1011, Vila Regente Feijó, São Paulo Zona Leste, São Paulo",1500,60.0,2.0
leste,"Rua Manuel Leiroz, Vila Penteado, São Paulo Zona Leste, São Paulo",1900,60.0,2.0
leste,"Quinta Da Paineira, São Paulo Zona Leste, São Paulo",2100,56.0,2.0
leste,"Rua Juá Mirim, Jardim Pedra Branca, São Paulo Zona Leste, São Paulo",950,40.0,2.0
leste,"Moóca, São Paulo Zona Leste, São Paulo",1600,50.0,2.0
leste,"Rua Intendência, 344 - Belenzinho, São Paulo - Sp, Brasil, Belenzinho, São Paulo Zona Leste, São Paulo",1950,48.0,2.0
leste,"Rua Nolina, 52 - Vila Cosmopolita, São Paulo - Sp, Brasil, Vila Cosmopolita, São Paulo Zona Leste, São Paulo",1250,55.0,3.0
leste,"Vila Santa Teresa (zona Leste), São Paulo Zona Leste, São Paulo",1000,32.0,2.0
leste,"Rua Angá - Vila Formosa, São Paulo - Sp, Brasil, Vila Formosa, São Paulo Zona Leste, São Paulo",2000,58.0,2.0
leste,"Rua Icaraí 222, Tatuapé, São Paulo Zona Leste, São Paulo",2600,97.0,3.0
leste,"Rua Dona Maria De Camargo, Itaquera, São Paulo Zona Leste, São Paulo",1100,70.0,2.0
leste,"Jardim Santa Terezinha (zona Leste), São Paulo Zona Leste, São Paulo",1600,65.0,3.0
leste,"R Francisco Marengo, Tatuapé, São Paulo Zona Leste, São Paulo",1700,54.0,2.0
leste,"Cidade Líder, São Paulo Zona Leste, São Paulo",1550,50.0,2.0
leste,"Vila Carrão, São Paulo Zona Leste, São Paulo",2200,93.0,3.0
leste,"Rua Coelho Lisboa - Cidade Mãe Do Céu, São Paulo - Sp, Brasil, Tatuapé, São Paulo Zona Leste, São Paulo",12000,233.0,3.0
leste,"Domingos Rubino, Conjunto Residencial José Bonifácio, São Paulo Zona Leste, São Paulo",975,56.0,
leste,"Chácara Seis De Outubro, São Paulo Zona Leste, São Paulo",3300,77.0,2.0
leste,"Vila Regente Feijó, São Paulo Zona Leste, São Paulo",2400,75.0,3.0
leste,"Parque Císper, São Paulo Zona Leste, São Paulo",550,30.0,1.0
leste,"Vila Gomes Cardim, São Paulo Zona Leste, São Paulo",1881,45.0,2.0
leste,"Bartolomeu Ferrari, Conjunto Residencial José Bonifácio, São Paulo Zona Leste, São Paulo",955,48.0,
leste,"Chácara Santo Antônio (zona Leste), São Paulo Zona Leste, São Paulo",2100,80.0,3.0
leste,"Rua Belém - Belenzinho, São Paulo - Sp, Brasil, Belenzinho, São Paulo Zona Leste, São Paulo",1000,53.0,1.0
leste,"Rua Bernardino Prudenti, Conjunto Residencial José Bonifácio, São Paulo Zona Leste, São Paulo",1105,48.0,2.0
leste,"Vila Princesa Isabel, São Paulo Zona Leste, São Paulo",1300,45.0,1.0
leste,"Vila Nhocune, São Paulo Zona Leste, São Paulo",1300,44.0,2.0
leste,"Moóca, São Paulo Zona Leste, São Paulo",2200,60.0,2.0
leste,"Rua Picinguaba - Vila Santa Isabel, São Paulo - Sp, Brasil, Vila Carrão, São Paulo Zona Leste, São Paulo",1300,40.0,2.0
leste,"R Torquato Tasso, Vila Prudente, São Paulo Zona Leste, São Paulo",1800,72.0,3.0
leste,"Rua Sete De Outubro, 260 - Chácara Califórnia, São Paulo - Sp, Brasil, Chácara Califórnia, São Paulo Zona Leste, São Paulo",11900,190.0,3.0
leste,"R Santo Afonso, Penha De Franca, São Paulo Zona Leste, São Paulo",4500,150.0,2.0
leste,"Chácara Califórnia, São Paulo Zona Leste, São Paulo",1380,37.0,1.0
leste,"Rua Baía De Japerica, 107 - Jardim Etelvina, São Paulo - Sp, Brasil, Jardim Etelvina, São Paulo Zona Leste, São Paulo",785,42.0,2.0
leste,"Inácio  Jacometti, Conjunto Residencial José Bonifácio, São Paulo Zona Leste, São Paulo",970,48.0,
leste,"Cristovao Salamanca, Conjunto Residencial José Bonifácio, São Paulo Zona Leste, São Paulo",1105,56.0,2.0
leste,"Parque Boturussu, São Paulo Zona Leste, São Paulo",1500,42.0,2.0
leste,"Rua Pedro Malaquias, Vila Carrão, São Paulo Zona Leste, São Paulo",1700,69.0,3.0
leste,"Rua Tomoichi Shimizu, Colônia (zona Leste), São Paulo Zona Leste, São Paulo",800,42.0,2.0
leste,"Avenida Álvaro Ramos, Quarta Parada, São Paulo Zona Leste, São Paulo",1300,30.0,2.0
leste,"Rua Mercedes Lopes, 520 - Vila Santana, São Paulo - Sp, Brasil, Vila Santana, São Paulo Zona Leste, São Paulo",2000,58.0,2.0
leste,"Avenida Conselheiro Carrão, 830 - Chácara Califórnia, São Paulo - Sp, Brasil, Chácara Califórnia, São Paulo Zona Leste, São Paulo",1100,50.0,2.0
leste,"Rua Catrimani, 250 - Cidade Patriarca, São Paulo - Sp, Brasil, Cidade Patriarca, São Paulo Zona Leste, São Paulo",1650,75.0,2.0
leste,"Sítio Da Figueira, São Paulo Zona Leste, São Paulo",2350,68.0,
leste,"Avenida Mendonça Drumond, Jardim Maringá, São Paulo Zona Leste, São Paulo",1500,50.0,2.0
leste,"Rua Da Economia, Vila Nova Savoia, São Paulo Zona Leste, São Paulo",1800,47.0,2.0
leste,"Rua João Marchiori, Cidade Patriarca, São Paulo Zona Leste, São Paulo",2200,50.0,2.0
leste,"Rua Marechal Barbacena - Vila Regente Feijó, São Paulo - Sp, Brasil, Anália Franco, São Paulo Zona Leste, São Paulo",1400,46.0,1.0
leste,"Vila Dalila, São Paulo Zona Leste, São Paulo",1100,50.0,2.0
leste,"Rua Professor José Vieira De Morais - Vila Ré, São Paulo - Sp, Brasil, Vila Ré, São Paulo Zona Leste, São Paulo",1872,38.0,2.0
leste,"Vila Dalila, São Paulo Zona Leste, São Paulo",1200,38.0,
leste,"Rua Professor José Vieira De Morais - Vila Ré, São Paulo - Sp, Brasil, Vila Ré, São Paulo Zona Leste, São Paulo",1722,38.0,1.0
leste,"Rua Guarapuava, 290 - Mooca, São Paulo - Sp, Brasil, Moóca, São Paulo Zona Leste, São Paulo",2300,40.0,1.0
leste,"Penha De Franca, São Paulo Zona Leste, São Paulo",1550,62.0,2.0
leste,"Chácara Santo Antônio (zona Leste), São Paulo Zona Leste, São Paulo",2300,86.0,3.0
leste,"Vila Moreira, São Paulo Zona Leste, São Paulo",2100,57.0,2.0
leste,"Chácara Califórnia, São Paulo Zona Leste, São Paulo",1800,80.0,2.0
leste,"Rua Guido Bonici, Jardim Belém, São Paulo Zona Leste, São Paulo",1600,51.0,2.0
leste,"Cidade Líder, São Paulo Zona Leste, São Paulo",1090,40.0,2.0
leste,"Moóca, São Paulo Zona Leste, São Paulo",1900,69.0,3.0
leste,"Cangaíba, São Paulo Zona Leste, São Paulo",1400,55.0,2.0
leste,"Rua Henrique Casela, Jardim América Da Penha, São Paulo Zona Leste, São Paulo",2620,65.0,2.0
leste,"Cidade Satélite Santa Bárbara, São Paulo Zona Leste, São Paulo",1000,24.0,1.0
leste,"Rua Ulisses Cruz - Tatuapé, São Paulo - Sp, Brasil, Tatuapé, São Paulo Zona Leste, São Paulo",1600,60.0,2.0
leste,"Bispo Eugenio Damazemod 388, Vila Alpina, São Paulo Zona Leste, São Paulo",1100,29.0,1.0
leste,"Rua Bispo Eugenio Damazemod 388, Vila Alpina, São Paulo Zona Leste, São Paulo",1400,50.0,2.0
leste,"Avenida Francisco Falconi - Jardim Avelino, São Paulo - Sp, Brasil, Jardim Avelino, São Paulo Zona Leste, São Paulo",1200,45.0,2.0
leste,"Francisco Falconi 0, Jardim Avelino, São Paulo Zona Leste, São Paulo",1200,45.0,2.0
leste,"Rua Padre Mário Fontana, Parque Da Mooca, São Paulo Zona Leste, São Paulo",5000,105.0,3.0
leste,"Vila Gomes Cardim, São Paulo Zona Leste, São Paulo",4500,91.0,3.0
leste,"Rua Zacarias De Gois, Parque Colonial, São Paulo Zona Leste, São Paulo",4000,51.0,1.0
leste,"Rua Manuel Leiroz, Vila Penteado, São Paulo Zona Leste, São Paulo",1800,60.0,2.0
leste,"Jardim Avelino, São Paulo Zona Leste, São Paulo",4700,276.0,3.0
leste,"Vila Gomes Cardim, São Paulo Zona Leste, São Paulo",4500,92.0,3.0
leste,"Jardim São Cristóvão, São Paulo Zona Leste, São Paulo",2400,51.0,1.0
leste,"Moóca, São Paulo Zona Leste, São Paulo",4100,106.0,3.0
leste,"Rua Coronel Carlos Oliva, Tatuapé, São Paulo Zona Leste, São Paulo",1600,40.0,1.0
leste,"Vila Ema, São Paulo Zona Leste, São Paulo",1600,55.0,2.0
leste,"Chácara Santo Antônio (zona Leste), São Paulo Zona Leste, São Paulo",4000,113.0,3.0
leste,"Parque Colonial, São Paulo Zona Leste, São Paulo",40000,90.0,2.0
leste,"Rua Padre Mário Fontana, Parque Da Mooca, São Paulo Zona Leste, São Paulo",5000,105.0,3.0
leste,"Conjunto Habitacional Teotonio Vilela, São Paulo Zona Leste, São Paulo",1100,50.0,2.0
leste,"Parque Paineiras, São Paulo Zona Leste, São Paulo",1100,38.0,1.0
leste,"Rua Ulisses Cruz, Tatuapé, São Paulo Zona Leste, São Paulo",1200,28.0,1.0
leste,"Vila Prudente, São Paulo Zona Leste, São Paulo",2000,48.0,2.0
leste,"Rua Professor Hasegawa, Colônia (zona Leste), São Paulo Zona Leste, São Paulo",1100,50.0,2.0
leste,"Rua Capitão Pacheco E Chaves, Vila Prudente, São Paulo Zona Leste, São Paulo",1200,36.0,1.0
leste,"Colônia (zona Leste), São Paulo Zona Leste, São Paulo",1100,50.0,2.0
leste,"Vila Carmosina, São Paulo Zona Leste, São Paulo",950,35.0,1.0
leste,"Rua André Vidal, Tatuapé, São Paulo Zona Leste, São Paulo",2100,70.0,3.0
leste,"Rua Marechal Barbacena, Vila Regente Feijó, São Paulo Zona Leste, São Paulo",3200,55.0,1.0
leste,"Tatuapé, São Paulo Zona Leste, São Paulo",1800,58.0,2.0
leste,"Tatuapé, São Paulo Zona Leste, São Paulo",1600,50.0,1.0
leste,"Rua José Oiticica Filho, Itaquera, São Paulo Zona Leste, São Paulo",1500,38.0,2.0
leste,"Vila Carrão, São Paulo Zona Leste, São Paulo",1600,62.0,2.0
leste,"Moóca, São Paulo Zona Leste, São Paulo",3500,120.0,3.0
leste,"Rua Padre Benedito Maria Cardoso, Moóca, São Paulo Zona Leste, São Paulo",1500,50.0,2.0
leste,"Rua Fernando Dondon, Tatuapé, São Paulo Zona Leste, São Paulo",1600,24.0,1.0
leste,"Rua Rio Imburana, Itaquera, São Paulo Zona Leste, São Paulo",1000,56.0,2.0
leste,"Rua Apucarana, Tatuapé, São Paulo Zona Leste, São Paulo",2500,85.0,3.0
leste,"Vila Prudente, São Paulo Zona Leste, São Paulo",1980,76.0,3.0
leste,"Vila Prudente, São Paulo Zona Leste, São Paulo",2000,50.0,2.0
leste,"Moóca, São Paulo Zona Leste, São Paulo",1500,50.0,2.0
leste,"Moóca, São Paulo Zona Leste, São Paulo",2950,89.0,3.0
leste,"Chácara Cruzeiro Do Sul, São Paulo Zona Leste, São Paulo",1350,52.0,2.0
leste,"Moóca, São Paulo Zona Leste, São Paulo",4500,180.0,3.0
leste,"Rua Vilela, Tatuapé, São Paulo Zona Leste, São Paulo",1500,39.0,1.0
leste,"Rua Serra De Bragança, Vila Gomes Cardim, São Paulo Zona Leste, São Paulo",1450,40.0,1.0
leste,"Rua Manuel Leiroz, Vila Penteado, São Paulo Zona Leste, São Paulo",2300,72.0,3.0
leste,"Jardim Santa Terezinha (zona Leste), São Paulo Zona Leste, São Paulo",1400,55.0,3.0
leste,"Parque Da Mooca, São Paulo Zona Leste, São Paulo",3700,100.0,3.0
leste,"Parque Da Vila Prudente, São Paulo Zona Leste, São Paulo",2600,77.0,2.0
leste,"Parque Da Vila Prudente, São Paulo Zona Leste, São Paulo",1800,48.0,2.0
leste,"Moóca, São Paulo Zona Leste, São Paulo",1780,54.0,2.0
leste,"Vila Santa Isabel, São Paulo Zona Leste, São Paulo",1600,53.0,2.0
leste,"Rua Vilela, Tatuapé, São Paulo Zona Leste, São Paulo",3000,102.0,3.0
leste,"Rua Vilela, Tatuapé, São Paulo Zona Leste, São Paulo",1600,48.0,2.0
leste,"Rua Manuel Leiroz, Vila Penteado, São Paulo Zona Leste, São Paulo",2000,60.0,2.0
leste,"Rua Sete De Outubro, Chácara Califórnia, São Paulo Zona Leste, São Paulo",1800,70.0,2.0
leste,"Vila Formosa, São Paulo Zona Leste, São Paulo",2900,64.0,1.0
leste,"Rua Vilela, Tatuapé, São Paulo Zona Leste, São Paulo",1600,39.0,1.0
leste,"Rua Capitão Pacheco E Chaves, Vila Prudente, São Paulo Zona Leste, São Paulo",1300,36.0,1.0
leste,"Vila Gomes Cardim, São Paulo Zona Leste, São Paulo",3000,92.0,3.0
leste,"Parque Da Mooca, São Paulo Zona Leste, São Paulo",4900,105.0,3.0
leste,"Parque Da Mooca, São Paulo Zona Leste, São Paulo",5000,105.0,3.0
leste,"Moóca, São Paulo Zona Leste, São Paulo",5000,142.0,3.0
leste,"Parque Da Mooca, São Paulo Zona Leste, São Paulo",4500,167.0,3.0
leste,"Moóca, São Paulo Zona Leste, São Paulo",2300,70.0,2.0
leste,"Rua Eunice Weaver, Jardim Anália Franco, São Paulo Zona Leste, São Paulo",16000,200.0,4.0
leste,"Rua Filhas Do Sagrado Coração, Vila Formosa, São Paulo Zona Leste, São Paulo",2500,125.0,3.0
leste,"Cidade Líder, São Paulo Zona Leste, São Paulo",1300,60.0,2.0
leste,"Vila Gomes Cardim, São Paulo Zona Leste, São Paulo",1881,45.0,2.0
leste,"Alto Da Mooca, São Paulo Zona Leste, São Paulo",4000,77.0,3.0
leste,"Vila Carmosina, São Paulo Zona Leste, São Paulo",1200,45.0,2.0
leste,"Moóca, São Paulo Zona Leste, São Paulo",3500,92.0,3.0
leste,"Rua Eleonora Cintra, Jardim Anália Franco, São Paulo Zona Leste, São Paulo",20000,241.0,3.0
leste,"Rua Serra Do Japi, Vila Gomes Cardim, São Paulo Zona Leste, São Paulo",3200,72.0,3.0
leste,"Rua Serra Do Japi, Vila Gomes Cardim, São Paulo Zona Leste, São Paulo",3200,72.0,3.0
leste,"Vila Prudente, São Paulo Zona Leste, São Paulo",2799,65.0,2.0
leste,"Parque Da Mooca, São Paulo Zona Leste, São Paulo",5000,105.0,3.0
leste,"Moóca, São Paulo Zona Leste, São Paulo",2600,49.0,2.0
leste,"Vila Regente Feijó, São Paulo Zona Leste, São Paulo",2500,90.0,3.0
leste,"Rua Professor Pedreira De Freitas, Tatuapé, São Paulo Zona Leste, São Paulo",4500,186.0,3.0
leste,"Rua Itapura, Vila Gomes Cardim, São Paulo Zona Leste, São Paulo",5500,165.0,4.0
leste,"Avenida Paes De Barros, Parque Da Mooca, São Paulo Zona Leste, São Paulo",3500,70.0,2.0
leste,"Rua Eleonora Cintra, Jardim Anália Franco, São Paulo Zona Leste, São Paulo",15000,355.0,4.0
leste,"Avenida Presidente Juscelino Kubitschek, Alto Da Mooca, São Paulo Zona Leste, São Paulo",10200,82.0,1.0
leste,"Vila Ema, São Paulo Zona Leste, São Paulo",1800,49.0,2.0
leste,"Jardim Santa Terezinha (zona Leste), São Paulo Zona Leste, São Paulo",1495,49.0,2.0
leste,"Parque Tomas Saraiva, São Paulo Zona Leste, São Paulo",1400,60.0,2.0
leste,"Jardim Das Camélias, São Paulo Zona Leste, São Paulo",2000,45.0,1.0
leste,"Jardim Ângela (zona Leste), São Paulo Zona Leste, São Paulo",2500,64.0,3.0
leste,"Vila Carmosina, São Paulo Zona Leste, São Paulo",1500,47.0,2.0
leste,"Cidade Mãe Do Ceu, São Paulo Zona Leste, São Paulo",12000,233.0,3.0
leste,"Jardim Vila Formosa, São Paulo Zona Leste, São Paulo",1550,60.0,2.0
leste,"Moóca, São Paulo Zona Leste, São Paulo",2950,87.0,3.0
leste,"Rua Luiz Dos Santos Cabral, 55, Jardim Anália Franco, São Paulo Zona Leste, São Paulo",10500,176.0,3.0
leste,"Tatuapé, São Paulo Zona Leste, São Paulo",1350,85.0,3.0
leste,"Vila Gomes Cardim, São Paulo Zona Leste, São Paulo",2200,74.0,2.0
leste,"Vila Gomes Cardim, São Paulo Zona Leste, São Paulo",5500,89.0,3.0
leste,"Vila Gomes Cardim, São Paulo Zona Leste, São Paulo",3000,50.0,1.0
leste,"Rua Dona Tecla, Moóca, São Paulo Zona Leste, São Paulo",2300,77.0,3.0
leste,"Penha De Franca, São Paulo Zona Leste, São Paulo",1800,65.0,2.0
leste,"Vila Gomes Cardim, São Paulo Zona Leste, São Paulo",3000,50.0,1.0
leste,"Vila Carolina, São Paulo Zona Leste, São Paulo",2300,35.0,1.0
leste,"Praça Barão De Itaqui, Vila Gomes Cardim, São Paulo Zona Leste, São Paulo",2100,45.0,1.0
leste,"Praça Barão De Itaqui, Vila Gomes Cardim, São Paulo Zona Leste, São Paulo",2800,60.0,2.0
leste,"Sítio Da Figueira, São Paulo Zona Leste, São Paulo",2100,67.0,2.0
leste,"Quinta Da Paineira, São Paulo Zona Leste, São Paulo",1500,47.0,2.0
leste,"Jardim Ângela (zona Leste), São Paulo Zona Leste, São Paulo",1100,44.0,2.0
leste,"Cidade Líder, São Paulo Zona Leste, São Paulo",1200,60.0,2.0
leste,"Chácara Califórnia, São Paulo Zona Leste, São Paulo",2000,59.0,2.0
leste,"Chácara Califórnia, São Paulo Zona Leste, São Paulo",1850,50.0,2.0
leste,"Vila Carrão, São Paulo Zona Leste, São Paulo",2200,67.0,2.0
leste,"Rua Padre Mário Fontana, Parque Da Mooca, São Paulo Zona Leste, São Paulo",5500,105.0,3.0
leste,"Rua Darnilo Martins Pereira, Vila Oratório, São Paulo Zona Leste, São Paulo",820000,94.0,3.0
leste,"Rua Vilela, Tatuapé, São Paulo Zona Leste, São Paulo",1850,48.0,2.0
leste,"Rua Vilela, Tatuapé, São Paulo Zona Leste, São Paulo",2100,58.0,2.0
leste,"Jardim Castelo, São Paulo Zona Leste, São Paulo",1200,47.0,2.0
leste,"Rua Morubixaba, Cidade Líder, São Paulo Zona Leste, São Paulo",1500,50.0,3.0
leste,"Rua Bom Sucesso, Cidade Mãe Do Ceu, São Paulo Zona Leste, São Paulo",3700,74.0,2.0
leste,"Estrada Itaquera-guaianazes,
                2001, Jardim Helena, São Paulo Zona Leste, São Paulo",1350,44.0,2.0
leste,"Vila Gomes Cardim, São Paulo Zona Leste, São Paulo",2500,55.0,2.0
leste,"Rua Crubixas,
                281,, Vila Araguaia, São Paulo Zona Leste, São Paulo",1200,48.0,2.0
leste,"Rua Cirino De Abreu,
                263, Guaiaúna, São Paulo Zona Leste, São Paulo",2800,66.0,3.0
leste,"Rua Marechal Barbacena, Vila Regente Feijó, São Paulo Zona Leste, São Paulo",3900,52.0,1.0
leste,"Rua Bento Gonçalves, Vila Regente Feijó, São Paulo Zona Leste, São Paulo",10000,141.0,3.0
leste,"Rua Antônio Fernandes De Abreu, Vila Gomes Cardim, São Paulo Zona Leste, São Paulo",30000,283.0,3.0
leste,"Rua Vilela, Tatuapé, São Paulo Zona Leste, São Paulo",3000,62.0,2.0
leste,"Rua Vilela, Tatuapé, São Paulo Zona Leste, São Paulo",2800,88.0,3.0
leste,"Rua Padre Mário Fontana, Parque Da Mooca, São Paulo Zona Leste, São Paulo",5000,105.0,3.0
leste,"Rua Jaboticabal, Vila Bertioga, São Paulo Zona Leste, São Paulo",2650,80.0,3.0
leste,"Moóca, São Paulo Zona Leste, São Paulo",6500,492.0,4.0
leste,"Rua Bom Jesus, Vila Regente Feijó, São Paulo Zona Leste, São Paulo",6809,137.0,3.0
leste,"Rua Manuel Leiroz, Vila Penteado, São Paulo Zona Leste, São Paulo",2300,72.0,3.0
leste,"Vila Antonieta, São Paulo Zona Leste, São Paulo",1900,42.0,2.0
leste,"Rua Padre Mário Fontana, Parque Da Mooca, São Paulo Zona Leste, São Paulo",5000,105.0,3.0
leste,"Rua Padre Mário Fontana, Parque Da Mooca, São Paulo Zona Leste, São Paulo",4800,105.0,3.0
leste,"Chácara Santo Antônio (zona Leste), São Paulo Zona Leste, São Paulo",2600,79.0,2.0
leste,"Vila Regente Feijó, São Paulo Zona Leste, São Paulo",3000,110.0,3.0
leste,"Jardim Avelino, São Paulo Zona Leste, São Paulo",4300,130.0,3.0
leste,"Chácara Santo Antônio (zona Leste), São Paulo Zona Leste, São Paulo",3100,117.0,3.0
leste,"Jardim Avelino, São Paulo Zona Leste, São Paulo",5500,129.0,4.0
leste,"Parque Da Mooca, São Paulo Zona Leste, São Paulo",7500,340.0,4.0
leste,"Vila Gomes Cardim, São Paulo Zona Leste, São Paulo",7000,165.0,4.0
leste,"Vila Prudente, São Paulo Zona Leste, São Paulo",3580,78.0,3.0
leste,"Vila Gomes Cardim, São Paulo Zona Leste, São Paulo",4500,92.0,3.0
oeste,"Vila Leopoldina, São Paulo Zona Oeste, São Paulo",4800,78.0,2.0
oeste,"Rua Torres Da Barra, 99, Água Branca, São Paulo Zona Oeste, São Paulo",2600,58.0,2.0
oeste,"Pinheiros, São Paulo Zona Oeste, São Paulo",5444,34.0,1.0
oeste,"Rua Bernardo Dos Santos, Jardim Olympia, São Paulo Zona Oeste, São Paulo",2700,105.0,3.0
oeste,"Rua Jairo De Almeida Machado,,
                60, Jaraguá, São Paulo Zona Oeste, São Paulo",1300,43.0,2.0
oeste,"Vila Morse, São Paulo Zona Oeste, São Paulo",1200,30.0,1.0
oeste,"Vila Pompéia, São Paulo Zona Oeste, São Paulo",2750,87.0,2.0
oeste,"Rua Oliveira Alves, 066, Jardim Irapiranga, São Paulo Zona Oeste, São Paulo",3000,110.0,3.0
oeste,"Higienópolis, São Paulo Zona Oeste, São Paulo",4500,130.0,3.0
oeste,"Alto De Pinheiros, São Paulo Zona Oeste, São Paulo",5500,128.0,3.0
oeste,"Água Branca, São Paulo Zona Oeste, São Paulo",8500,163.0,3.0
oeste,"Rua Jaguaré, 340, Jaguaré, São Paulo Zona Oeste, São Paulo",1400,60.0,2.0
oeste,"Jaguaré, São Paulo Zona Oeste, São Paulo",1700,59.0,3.0
oeste,"Jaguaré, São Paulo Zona Oeste, São Paulo",1950,52.0,2.0
oeste,"Cidade São Francisco, São Paulo Zona Oeste, São Paulo",6200,181.0,3.0
oeste,"Rua Lino Coutinho, 1102, Jardim Irapiranga, São Paulo Zona Oeste, São Paulo",1656,74.0,2.0
oeste,"Jaguaré, São Paulo Zona Oeste, São Paulo",1300,49.0,1.0
oeste,"R Santo Antônio De Pádua, Piqueri, São Paulo Zona Oeste, São Paulo",1900,55.0,2.0
oeste,"Pirituba, São Paulo Zona Oeste, São Paulo",1210,60.0,1.0
oeste,"Pinheiros, São Paulo Zona Oeste, São Paulo",2900,56.0,2.0
oeste,"R Ascencional, Jardim Ampliação, São Paulo Zona Oeste, São Paulo",1790,64.0,2.0
oeste,"Jardim Ampliação, São Paulo Zona Oeste, São Paulo",1700,70.0,2.0
oeste,"Rua Falkenberg,, Jardim Comercial, São Paulo Zona Oeste, São Paulo",1100,250.0,2.0
oeste,"Av. Dr. José Maniero, 135 - Estância Jaraguá, São Paulo - Sp, Brasil, Jaraguá, São Paulo Zona Oeste, São Paulo",1500,45.0,2.0
oeste,"Av. Otácilio Tomanik 350, Butantã, São Paulo Zona Oeste, São Paulo",3450,65.0,2.0
oeste,"Rua Valson Lopes 70, Butantã, São Paulo Zona Oeste, São Paulo",3050,70.0,3.0
oeste,"Av. Marechal Fiuza De Castro 0, Jardim Pinheiros, São Paulo Zona Oeste, São Paulo",3170,70.0,2.0
oeste,"R. Oscar Freire, Pinheiros, São Paulo Zona Oeste, São Paulo",4500,168.0,3.0
oeste,"Parque Continental, São Paulo Zona Oeste, São Paulo",1300,62.0,3.0
oeste,"Rua Floresto Bandecchi, Jaguaré, São Paulo Zona Oeste, São Paulo",1250,48.0,2.0
oeste,"Rua Padre Caresia, Jaguaré, São Paulo Zona Oeste, São Paulo",1600,60.0,2.0
oeste,"Rua Caetanópolis, Jaguaré, São Paulo Zona Oeste, São Paulo",2000,49.0,2.0
oeste,"Avenida Jaguaré, Jaguaré, São Paulo Zona Oeste, São Paulo",1700,78.0,3.0
oeste,"Rua Padre Caresia, Jaguaré, São Paulo Zona Oeste, São Paulo",1600,60.0,2.0
oeste,"Rua Padre Caresia, Jaguaré, São Paulo Zona Oeste, São Paulo",1600,60.0,2.0
oeste,"Avenida Corifeu De Azevedo Marques, Vila Lageado, São Paulo Zona Oeste, São Paulo",1500,60.0,2.0
oeste,"Av. Avenida Caxingui, 231, Vila Pirajussara, São Paulo Zona Oeste, São Paulo",5400,156.0,4.0
oeste,"R Arruda Alvim, 94, Pinheiros, São Paulo Zona Oeste, São Paulo",3500,50.0,1.0
oeste,"R Arruda Alvim, 94, Pinheiros, São Paulo Zona Oeste, São Paulo",3500,50.0,1.0
oeste,"Rua Cardeal Arcoverde, 1183, Pinheiros, São Paulo Zona Oeste, São Paulo",2500,52.0,2.0
oeste,"R Conego Eugenio Leite, 524, Pinheiros, São Paulo Zona Oeste, São Paulo",3600,97.0,2.0
oeste,"Praça General Porto Carreiro, Jaguaré, São Paulo Zona Oeste, São Paulo",2400,75.0,3.0
oeste,"Avenida Jaguaré, Jaguaré, São Paulo Zona Oeste, São Paulo",1700,55.0,2.0
oeste,"Natingui 930, Pinheiros, São Paulo Zona Oeste, São Paulo",2700,36.0,1.0
oeste,"Jaguaré, São Paulo Zona Oeste, São Paulo",1300,74.0,3.0
oeste,"Jaguaré, São Paulo Zona Oeste, São Paulo",3300,82.0,2.0
oeste,"Parque Continental, São Paulo Zona Oeste, São Paulo",2000,65.0,3.0
oeste,"Vila São Francisco, São Paulo Zona Oeste, São Paulo",3000,76.0,3.0
oeste,"Jaguaré, São Paulo Zona Oeste, São Paulo",2300,63.0,3.0
oeste,"Jardim Olympia, São Paulo Zona Oeste, São Paulo",3000,104.0,2.0
oeste,"Jaguaré, São Paulo Zona Oeste, São Paulo",1700,78.0,3.0
oeste,"Jaguaré, São Paulo Zona Oeste, São Paulo",2600,84.0,3.0
oeste,"Parque Continental, São Paulo Zona Oeste, São Paulo",1650,65.0,3.0
oeste,"Jaguaré, São Paulo Zona Oeste, São Paulo",2450,80.0,2.0
oeste,"Jaguaré, São Paulo Zona Oeste, São Paulo",1409,40.0,1.0
oeste,"Parque Continental, São Paulo Zona Oeste, São Paulo",1650,65.0,3.0
oeste,"Vila Pirajussara, São Paulo Zona Oeste, São Paulo",3500,78.0,2.0
oeste,"Jardim Taboão, São Paulo Zona Oeste, São Paulo",4000,105.0,3.0
oeste,"Rua Tucuna, 999, Perdizes, São Paulo Zona Oeste, São Paulo",1900,60.0,2.0
oeste,"Rua Bica De Pedra, 0000, Vila Anglo Brasileira, São Paulo Zona Oeste, São Paulo",800,20.0,1.0
oeste,"Rua Ministro Godói, 603, Perdizes, São Paulo Zona Oeste, São Paulo",2100,40.0,1.0
oeste,"Rua Barão Do Bananal, 0000, Vila Pompéia, São Paulo Zona Oeste, São Paulo",2200,49.0,2.0
oeste,"Rua Cardeal Arcoverde, 1111, Pinheiros, São Paulo Zona Oeste, São Paulo",3000,49.0,2.0
oeste,"R Melo Palheta, Água Branca, São Paulo Zona Oeste, São Paulo",2000,57.0,2.0
oeste,"Rua Emílio Goeldi, 0000, Lapa De Baixo, São Paulo Zona Oeste, São Paulo",2000,60.0,1.0
oeste,"Rua Raul Pompéia, 1007, Conjunto Residencial Morada Do Sol, São Paulo Zona Oeste, São Paulo",1700,45.0,1.0
oeste,"Rua Armando Brussolo, 000, Vila Romana, São Paulo Zona Oeste, São Paulo",2200,94.0,1.0
oeste,"Rua Barão Do Bananal, 0000, Vila Pompéia, São Paulo Zona Oeste, São Paulo",1900,45.0,1.0
oeste,"Rua Raul Pompéia, 1.007, Vila Pompéia, São Paulo Zona Oeste, São Paulo",1700,55.0,1.0
oeste,"Rua Wanderley, 1637, Perdizes, São Paulo Zona Oeste, São Paulo",1750,49.0,1.0
oeste,"Rua Alves Guimarães, 400, Pinheiros, São Paulo Zona Oeste, São Paulo",3300,42.0,1.0
oeste,"Rua Armando Brussolo, 0000, Vila Romana, São Paulo Zona Oeste, São Paulo",1600,50.0,1.0
oeste,"Rua Professor Celso Quirino Dos Santos, 250, Cidade São Francisco, São Paulo Zona Oeste, São Paulo",1350,55.0,3.0
oeste,"Alto De Pinheiros, São Paulo Zona Oeste, São Paulo",2000,66.0,3.0
oeste,"Jaguaré, São Paulo Zona Oeste, São Paulo",1250,40.0,1.0
oeste,"Rua Dos Pinheiros, Pinheiros, São Paulo Zona Oeste, São Paulo",2500,100.0,3.0
oeste,"Rua Piracuama, Perdizes, São Paulo Zona Oeste, São Paulo",2800,83.0,3.0
oeste,"Rua Fradique Coutinho, Pinheiros, São Paulo Zona Oeste, São Paulo",4700,130.0,3.0
oeste,"Avenida Higienópolis, Higienópolis, São Paulo Zona Oeste, São Paulo",4500,135.0,3.0
oeste,"Rua Fradique Coutinho, Pinheiros, São Paulo Zona Oeste, São Paulo",3800,100.0,3.0
oeste,"Rua Alves Guimaraes, Pinheiros, São Paulo Zona Oeste, São Paulo",2800,38.0,1.0
oeste,"Rua Monte Alegre, Perdizes, São Paulo Zona Oeste, São Paulo",2700,62.0,2.0
oeste,"Rolinópolis, São Paulo Zona Oeste, São Paulo",2150,52.0,2.0
oeste,"Rua Manuel Guedes, Jardim Europa, São Paulo Zona Oeste, São Paulo",3400,45.0,1.0
oeste,"Rua Califórnia, Cidade Moncoes, São Paulo Zona Oeste, São Paulo",5600,216.0,3.0
oeste,"Rua Hungara, Vila Ipojuca, São Paulo Zona Oeste, São Paulo",2200,55.0,2.0
oeste,"Rua Tonelero, Vila Ipojuca, São Paulo Zona Oeste, São Paulo",2400,70.0,2.0
oeste,"Rua Tonelero, Vila Ipojuca, São Paulo Zona Oeste, São Paulo",2500,70.0,2.0
oeste,"Rolinópolis, São Paulo Zona Oeste, São Paulo",1900,37.0,1.0
oeste,"Vila Cordeiro, São Paulo Zona Oeste, São Paulo",6700,102.0,2.0
oeste,"Rolinópolis, São Paulo Zona Oeste, São Paulo",2400,52.0,2.0
oeste,"Rolinópolis, São Paulo Zona Oeste, São Paulo",3500,58.0,2.0
oeste,"Rua Flórida, Cidade Moncoes, São Paulo Zona Oeste, São Paulo",3900,93.0,3.0
oeste,"Rua Tucumã, Jardim Europa, São Paulo Zona Oeste, São Paulo",13020,250.0,4.0
oeste,"Rua Professor Artur Ramos, Jardim Paulistano, São Paulo Zona Oeste, São Paulo",5800,177.0,3.0
oeste,"Água Branca, São Paulo Zona Oeste, São Paulo",8200,168.0,3.0
oeste,"Avenida Reboucas, Pinheiros, São Paulo Zona Oeste, São Paulo",5700,41.0,1.0
oeste,"Cidade Moncoes, São Paulo Zona Oeste, São Paulo",4000,80.0,3.0
oeste,"Rua Pablo Picasso, Água Branca, São Paulo Zona Oeste, São Paulo",22000,282.0,4.0
oeste,"Cidade Moncoes, São Paulo Zona Oeste, São Paulo",4300,80.0,3.0
oeste,"Rua Manuel Guedes, Jardim Europa, São Paulo Zona Oeste, São Paulo",6300,120.0,3.0
oeste,"Rua Minerva, Perdizes, São Paulo Zona Oeste, São Paulo",2500,70.0,2.0
oeste,"Rua Tucumã, Jardim Europa, São Paulo Zona Oeste, São Paulo",14800,250.0,4.0
oeste,"Rua Barao Do Bananal, Vila Pompéia, São Paulo Zona Oeste, São Paulo",2200,36.0,1.0
oeste,"Rua Professor Artur Ramos, Jardim Paulistano, São Paulo Zona Oeste, São Paulo",6200,177.0,3.0
oeste,"Rua Oscar Freire, Pinheiros, São Paulo Zona Oeste, São Paulo",5600,152.0,3.0
oeste,"Rua Padre Caresia, Jaguaré, São Paulo Zona Oeste, São Paulo",1600,60.0,2.0
oeste,"Cidade Moncoes, São Paulo Zona Oeste, São Paulo",6500,80.0,2.0
oeste,"Pinheiros, São Paulo Zona Oeste, São Paulo",5500,75.0,1.0
oeste,"Cidade Moncoes, São Paulo Zona Oeste, São Paulo",5500,115.0,3.0
oeste,"Higienópolis, São Paulo Zona Oeste, São Paulo",35000,500.0,4.0
oeste,"Rua Iperoig, Perdizes, São Paulo Zona Oeste, São Paulo",3000,123.0,3.0
oeste,"Rua Piracuama, Perdizes, São Paulo Zona Oeste, São Paulo",2600,110.0,3.0
oeste,"Rua Piaui, Higienópolis, São Paulo Zona Oeste, São Paulo",6500,217.0,3.0
oeste,"Rua Joaquim Antunes, Pinheiros, São Paulo Zona Oeste, São Paulo",4000,78.0,2.0
oeste,"Rolinópolis, São Paulo Zona Oeste, São Paulo",2300,52.0,2.0
oeste,"Cidade Moncoes, São Paulo Zona Oeste, São Paulo",4400,94.0,3.0
oeste,"Vila Cordeiro, São Paulo Zona Oeste, São Paulo",3200,30.0,1.0
oeste,"Cidade Moncoes, São Paulo Zona Oeste, São Paulo",9000,98.0,2.0
oeste,"Cidade Moncoes, São Paulo Zona Oeste, São Paulo",5400,76.0,2.0
oeste,"Cidade Moncoes, São Paulo Zona Oeste, São Paulo",7574,80.0,2.0
oeste,"Cidade Moncoes, São Paulo Zona Oeste, São Paulo",3500,75.0,2.0
oeste,"Perdizes, São Paulo Zona Oeste, São Paulo",3500,110.0,3.0
oeste,"Avenida Pompeia, Vila Pompéia, São Paulo Zona Oeste, São Paulo",2200,38.0,1.0
oeste,"Pinheiros, São Paulo Zona Oeste, São Paulo",4700,57.0,1.0
oeste,"Cidade Moncoes, São Paulo Zona Oeste, São Paulo",3400,75.0,2.0
oeste,"Cidade Moncoes, São Paulo Zona Oeste, São Paulo",3990,54.0,1.0
oeste,"Rua Doutor Miranda De Azevedo, Vila Pompéia, São Paulo Zona Oeste, São Paulo",2700,90.0,2.0
oeste,"Avenida Reboucas, Pinheiros, São Paulo Zona Oeste, São Paulo",6150,41.0,1.0
oeste,"Rua Natingui, Vila Madalena, São Paulo Zona Oeste, São Paulo",2700,34.0,1.0
oeste,"Pinheiros, São Paulo Zona Oeste, São Paulo",3265,31.0,1.0
oeste,"Cidade Moncoes, São Paulo Zona Oeste, São Paulo",2700,84.0,3.0
oeste,"Cidade Moncoes, São Paulo Zona Oeste, São Paulo",4059,44.0,2.0
oeste,"Cidade Moncoes, São Paulo Zona Oeste, São Paulo",2800,86.0,2.0
oeste,"Rua Ministro Godoi, Perdizes, São Paulo Zona Oeste, São Paulo",2400,138.0,3.0
oeste,"Rua Turiassu, Perdizes, São Paulo Zona Oeste, São Paulo",2400,25.0,1.0
oeste,"Rua Francisco Luís De Souza Júnior, Água Branca, São Paulo Zona Oeste, São Paulo",1900,43.0,2.0
oeste,"Rua Cardoso De Almeida, Perdizes, São Paulo Zona Oeste, São Paulo",4000,190.0,3.0
oeste,"Pinheiros, São Paulo Zona Oeste, São Paulo",6200,89.0,1.0
oeste,"Rolinópolis, São Paulo Zona Oeste, São Paulo",4000,70.0,2.0
oeste,"Rua Alves Guimarães, Pinheiros, São Paulo Zona Oeste, São Paulo",2799,56.0,2.0
oeste,"Rua Alves Guimaraes, Pinheiros, São Paulo Zona Oeste, São Paulo",3000,86.0,2.0
oeste,"Cidade Moncoes, São Paulo Zona Oeste, São Paulo",2300,60.0,2.0
oeste,"Rua Rio De Janeiro, Higienópolis, São Paulo Zona Oeste, São Paulo",5000,164.0,4.0
oeste,"Jardim Paulistano, São Paulo Zona Oeste, São Paulo",4500,127.0,3.0
oeste,"Pinheiros, São Paulo Zona Oeste, São Paulo",2650,48.0,1.0
oeste,"Rua Pascoal Vita, Vila Madalena, São Paulo Zona Oeste, São Paulo",8200,150.0,4.0
oeste,"Avenida Pompeia, Vila Pompéia, São Paulo Zona Oeste, São Paulo",2200,38.0,1.0
oeste,"Avenida Pavão, Recanto Paraíso, São Paulo Zona Oeste, São Paulo",3000,90.0,2.0
oeste,"Jardim Paulistano, São Paulo Zona Oeste, São Paulo",4837,37.0,1.0
oeste,"Cidade Moncoes, São Paulo Zona Oeste, São Paulo",3150,50.0,1.0
oeste,"Rua Natingui, Vila Madalena, São Paulo Zona Oeste, São Paulo",3200,34.0,1.0
oeste,"Rua  Apiacas, Perdizes, São Paulo Zona Oeste, São Paulo",2300,65.0,2.0
oeste,"Água Branca, São Paulo Zona Oeste, São Paulo",2900,60.0,2.0
oeste,"Cidade Moncoes, São Paulo Zona Oeste, São Paulo",5148,74.0,1.0
oeste,"Cidade Moncoes, São Paulo Zona Oeste, São Paulo",3800,82.0,3.0
oeste,"Cidade Moncoes, São Paulo Zona Oeste, São Paulo",2750,83.0,2.0
oeste,"Rua Cardoso De Almeida, Perdizes, São Paulo Zona Oeste, São Paulo",2000,35.0,1.0
oeste,"Rua Tucuna, Perdizes, São Paulo Zona Oeste, São Paulo",2400,47.0,2.0
oeste,"Rua Natingui, Vila Madalena, São Paulo Zona Oeste, São Paulo",3200,34.0,1.0
oeste,"Pinheiros, São Paulo Zona Oeste, São Paulo",6500,46.0,1.0
oeste,"R. Fradique Coutinho, Pinheiros, São Paulo Zona Oeste, São Paulo",5900,130.0,2.0
oeste,"Jardim Europa, São Paulo Zona Oeste, São Paulo",12000,210.0,3.0
oeste,"Rua Cardoso De Almeida, Perdizes, São Paulo Zona Oeste, São Paulo",2500,60.0,1.0
oeste,"Rua Campevas, Perdizes, São Paulo Zona Oeste, São Paulo",1650,42.0,1.0
oeste,"Cidade Moncoes, São Paulo Zona Oeste, São Paulo",3000,95.0,3.0
oeste,"Rua Diana, Perdizes, São Paulo Zona Oeste, São Paulo",4300,125.0,3.0
oeste,"Cidade Moncoes, São Paulo Zona Oeste, São Paulo",5500,116.0,3.0
oeste,"Rua Faustolo, Lapa, São Paulo Zona Oeste, São Paulo",3800,72.0,2.0
oeste,"Rua Venancio Aires, Vila Pompéia, São Paulo Zona Oeste, São Paulo",3000,80.0,2.0
oeste,"Vila Leopoldina, São Paulo Zona Oeste, São Paulo",2100,38.0,1.0
oeste,"Rua Moxei, Lapa De Baixo, São Paulo Zona Oeste, São Paulo",990,45.0,2.0
oeste,"Vila Suzana, São Paulo Zona Oeste, São Paulo",2200,70.0,3.0
oeste,"Rua Alves Guimarães, Pinheiros, São Paulo Zona Oeste, São Paulo",3840,44.0,1.0
oeste,"Rua George Ohm, Cidade Moncoes, São Paulo Zona Oeste, São Paulo",4450,53.0,1.0
oeste,"Rua Doutor Homem De Melo, Perdizes, São Paulo Zona Oeste, São Paulo",5500,160.0,3.0
oeste,"Rua Doutor Franco Da Rocha, Perdizes, São Paulo Zona Oeste, São Paulo",2600,35.0,1.0
oeste,"Rolinópolis, São Paulo Zona Oeste, São Paulo",2500,37.0,1.0
oeste,"Avenida Miguel Frias E Vasconcelos, Jaguaré, São Paulo Zona Oeste, São Paulo",2500,68.0,2.0
oeste,"Rua Apinajes, Perdizes, São Paulo Zona Oeste, São Paulo",1900,72.0,3.0
oeste,"Cidade Moncoes, São Paulo Zona Oeste, São Paulo",2200,60.0,2.0
oeste,"Rua Doutor Miranda De Azevedo, Vila Anglo Brasileira, São Paulo Zona Oeste, São Paulo",2200,63.0,3.0
oeste,"Cidade Moncoes, São Paulo Zona Oeste, São Paulo",5000,100.0,3.0
oeste,"Pinheiros, São Paulo Zona Oeste, São Paulo",4000,73.0,2.0
oeste,"Rua Raul Pompeia, Vila Pompéia, São Paulo Zona Oeste, São Paulo",2500,60.0,2.0
oeste,"Rua Caiubi, Perdizes, São Paulo Zona Oeste, São Paulo",3000,80.0,2.0
oeste,"Rua Paulistânia, Sumarezinho, São Paulo Zona Oeste, São Paulo",2700,40.0,1.0
oeste,"Cidade Moncoes, São Paulo Zona Oeste, São Paulo",3500,83.0,1.0
oeste,"Rua Apiacas, Perdizes, São Paulo Zona Oeste, São Paulo",2400,76.0,3.0
oeste,"Rua Marc Chagall, Água Branca, São Paulo Zona Oeste, São Paulo",4800,79.0,2.0
oeste,"Rua Tucuna, Perdizes, São Paulo Zona Oeste, São Paulo",2600,60.0,2.0
oeste,"Vila Cordeiro, São Paulo Zona Oeste, São Paulo",3000,44.0,1.0
oeste,"Pinheiros, São Paulo Zona Oeste, São Paulo",3500,94.0,3.0
oeste,"Rua Bartira, Perdizes, São Paulo Zona Oeste, São Paulo",2000,52.0,2.0
oeste,"Rua Moxei, Lapa De Baixo, São Paulo Zona Oeste, São Paulo",990,45.0,2.0
oeste,"Cidade Moncoes, São Paulo Zona Oeste, São Paulo",2700,70.0,2.0
oeste,"Jardim Europa, São Paulo Zona Oeste, São Paulo",11500,150.0,2.0
oeste,"Rua Heitor Penteado, Sumarezinho, São Paulo Zona Oeste, São Paulo",2200,60.0,2.0
oeste,"Água Branca, São Paulo Zona Oeste, São Paulo",2800,59.0,2.0
oeste,"Rua Arruda Alvim, Pinheiros, São Paulo Zona Oeste, São Paulo",3500,46.0,1.0
oeste,"Rua Teodoro Sampaio, Pinheiros, São Paulo Zona Oeste, São Paulo",2600,58.0,1.0
oeste,"Rua Cardoso De Almeida, Perdizes, São Paulo Zona Oeste, São Paulo",2300,106.0,3.0
oeste,"Cidade Moncoes, São Paulo Zona Oeste, São Paulo",2800,55.0,1.0
oeste,"Rua Cônego Eugênio Leite, Pinheiros, São Paulo Zona Oeste, São Paulo",2600,80.0,2.0
oeste,"Pinheiros, São Paulo Zona Oeste, São Paulo",3265,31.0,1.0
oeste,"R Teodoro Sampaio, Pinheiros, São Paulo Zona Oeste, São Paulo",4600,109.0,2.0
oeste,"Rua Alves Guimaraes, Pinheiros, São Paulo Zona Oeste, São Paulo",3500,25.0,1.0
oeste,"R Natingui, Vila Madalena, São Paulo Zona Oeste, São Paulo",3500,65.0,2.0
oeste,"Avenida Francisco Matarazzo, Água Branca, São Paulo Zona Oeste, São Paulo",1800,48.0,1.0
oeste,"Cidade Moncoes, São Paulo Zona Oeste, São Paulo",2900,55.0,2.0
oeste,"Vila Suzana, São Paulo Zona Oeste, São Paulo",1350,35.0,1.0
oeste,"Rua Xerentes, Perdizes, São Paulo Zona Oeste, São Paulo",2700,80.0,3.0
oeste,"Rua Aurelia, Vila Romana, São Paulo Zona Oeste, São Paulo",1800,32.0,1.0
oeste,"Rua Cotoxo, Perdizes, São Paulo Zona Oeste, São Paulo",2850,85.0,2.0
oeste,"Rua Sansão Alves Dos Santos, Cidade Moncoes, São Paulo Zona Oeste, São Paulo",3500,51.0,1.0
oeste,"Rua Jericó, Sumarezinho, São Paulo Zona Oeste, São Paulo",5000,110.0,3.0
oeste,"Rua Heitor Penteado, Sumarezinho, São Paulo Zona Oeste, São Paulo",2500,44.0,1.0
oeste,"Pinheiros, São Paulo Zona Oeste, São Paulo",2500,66.0,1.0
oeste,"Rolinópolis, São Paulo Zona Oeste, São Paulo",2500,60.0,2.0
oeste,"Rua Doutor Homem De Melo, Perdizes, São Paulo Zona Oeste, São Paulo",2200,80.0,2.0
oeste,"Jaguaré, São Paulo Zona Oeste, São Paulo",2000,50.0,2.0
oeste,"Rua Itacolomi, Higienópolis, São Paulo Zona Oeste, São Paulo",4000,140.0,3.0
oeste,"Rua Doutor Homem De Melo, Perdizes, São Paulo Zona Oeste, São Paulo",2150,50.0,1.0
oeste,"Jardim Paulistano, São Paulo Zona Oeste, São Paulo",7500,175.0,3.0
oeste,"Cidade Moncoes, São Paulo Zona Oeste, São Paulo",3400,70.0,2.0
oeste,"Rua Doutor Miranda De Azevedo, Pompéia, São Paulo Zona Oeste, São Paulo",2800,80.0,2.0
oeste,"Vila Anglo Brasileira, São Paulo Zona Oeste, São Paulo",2490,51.0,1.0
oeste,"Fazenda Morumbi, São Paulo Zona Oeste, São Paulo",2000,50.0,2.0
oeste,"Rua Padre Caresia, Jaguaré, São Paulo Zona Oeste, São Paulo",1600,60.0,2.0
oeste,"Rua Ministro Godói, Perdizes, São Paulo Zona Oeste, São Paulo",2500,56.0,1.0
oeste,"Rua Senador Cesar Lacerda Vergueiro, Sumarezinho, São Paulo Zona Oeste, São Paulo",3500,25.0,1.0
oeste,"Cidade Moncoes, São Paulo Zona Oeste, São Paulo",4800,63.0,1.0
oeste,"Cidade Moncoes, São Paulo Zona Oeste, São Paulo",15000,210.0,3.0
oeste,"Rua Paes Leme, Pinheiros, São Paulo Zona Oeste, São Paulo",8000,68.0,2.0
oeste,"Cidade Moncoes, São Paulo Zona Oeste, São Paulo",6500,80.0,2.0
oeste,"Jardim Paulistano, São Paulo Zona Oeste, São Paulo",2759,25.0,1.0
oeste,"Cidade Moncoes, São Paulo Zona Oeste, São Paulo",3200,40.0,1.0
oeste,"Cidade Moncoes, São Paulo Zona Oeste, São Paulo",1800,48.0,2.0
oeste,"Pinheiros, São Paulo Zona Oeste, São Paulo",10000,102.0,1.0
oeste,"Cidade Moncoes, São Paulo Zona Oeste, São Paulo",2100,44.0,1.0
