zonas,areas_quartos,enderecos,precos
norte,58 m² construídos2 quartos,"Vila Primavera, São Paulo Zona Norte, São Paulo",1.200
norte,186 m² construídos3 quartos,"Jardim São Paulo, São Paulo Zona Norte, São Paulo",3.100
norte,80 m² construídos3 quartos,"Vila Primavera, São Paulo Zona Norte, São Paulo",3.300
norte,50 m² construídos2 quartos,"Mandaqui, São Paulo Zona Norte, São Paulo",1.550
norte,56 m² construídos2 quartos,"Vila Primavera, São Paulo Zona Norte, São Paulo",1.200
norte,80 m² construídos2 quartos,"Avenida Nova Cantareira,
                1484, Tucuruvi, São Paulo Zona Norte, São Paulo",2.400
norte,60 m² construídos2 quartos,"Santana, São Paulo Zona Norte, São Paulo",1.350
norte,35 m² construídos1 quarto,"Antonio Vieira 209, Casa Verde Alta, São Paulo Zona Norte, São Paulo",500
norte,60 m² construídos2 quartos,"Rua Franklin Do Amaral  1051, Cachoeirinha, São Paulo Zona Norte, São Paulo",1.690
norte,55 m² construídos2 quartos,"Rua Conselheiro Moreira De Barros 3600, Lauzane Paulista, São Paulo Zona Norte, São Paulo",1.570
norte,53 m² construídos1 quarto,"Rua Eli - Vila Maria Baixa, São Paulo - Sp, Brasil, Vila Maria, São Paulo Zona Norte, São Paulo",900
norte,60 m² construídos2 quartos,"Ricardo Franco  51, Vila Roque, São Paulo Zona Norte, São Paulo",1.550
norte,30 m² construídos1 quarto,"Paranabi  236, Tucuruvi, São Paulo Zona Norte, São Paulo",1.100
norte,68 m² construídos2 quartos,"Barro Branco, São Paulo Zona Norte, São Paulo",1.500
norte,62 m² construídos2 quartos,"R Eduardo, Vila Albertina, São Paulo Zona Norte, São Paulo",1.700
norte,74 m² construídos2 quartos,"R Alfredo Pujol, Santana, São Paulo Zona Norte, São Paulo",1.600
norte,76 m² construídos2 quartos,"Santana - São Paulo/sp, Santana, São Paulo Zona Norte, São Paulo",3.200
norte,70 m² construídos2 quartos,"Av General Ataliba Leonel, Santana, São Paulo Zona Norte, São Paulo",1.790
norte,45 m² construídos2 quartos,"Vila Nova Cachoeirinha, São Paulo Zona Norte, São Paulo",950
norte,27 m² construídos1 quarto,"Rua Engenheiro Ciampiti, Vila Leonor, São Paulo Zona Norte, São Paulo",1.150
norte,90 m² totais3 quartos,"Rua Voluntários Da Pátria, Santana, São Paulo Zona Norte, São Paulo",2.500
norte,50 m² totais2 quartos,"Av. Major Dantas Cortez, Vila Gustavo, São Paulo Zona Norte, São Paulo",1.900
norte,150 m² totais2 quartos,"Rua Voluntários Da Pátria, Santana, São Paulo Zona Norte, São Paulo",3.900
norte,80 m² totais3 quartos,"Avenida Do Guacá, Lauzane Paulista, São Paulo Zona Norte, São Paulo",3.900
norte,83 m² construídos3 quartos,"Rua Rubiácea, Água Fria, São Paulo Zona Norte, São Paulo",3.200
norte,60 m² construídos3 quartos,"R Itaici, Santa Teresinha, São Paulo Zona Norte, São Paulo",1.650
norte,40 m² totais2 quartos,"Rua Enótria, Vila Mazzei, São Paulo Zona Norte, São Paulo",2.300
norte,63 m² construídos2 quartos,"Parque Mandaqui, São Paulo Zona Norte, São Paulo",1.500
norte,260 m² construídos4 quartos,"Rua Doutor Guilherme Cristofel, Santana, São Paulo Zona Norte, São Paulo",10.000
norte,79 m² construídos2 quartos,"Freguesia Do Ó, São Paulo Zona Norte, São Paulo",2.000
norte,60 m² construídos2 quartos,"Rua Aluísio Azevedo, Santana, São Paulo Zona Norte, São Paulo",1.800
norte,70 m² construídos2 quartos,"Alfredo Pujol, Santana, São Paulo Zona Norte, São Paulo",1.700
norte,45 m² construídos2 quartos,"Rua Vicente Ferreira Leite, Vila Siqueira (zona Norte), São Paulo Zona Norte, São Paulo",1.000
norte,45 m² construídos2 quartos,"Rua Vicente Ferreira Leite, Vila Siqueira (zona Norte), São Paulo Zona Norte, São Paulo",1.000
norte,55 m² construídos2 quartos,"Lauzane Paulista, São Paulo Zona Norte, São Paulo",1.700
norte,60 m² construídos2 quartos,"Vila Paulicéia, São Paulo Zona Norte, São Paulo",2.100
norte,35 m² construídos1 quarto,"Rua Doutor Francisco Alves Santos Filho, Vila Baruel, São Paulo Zona Norte, São Paulo",1.100
norte,40 m² construídos2 quartos,"Rua Itaúna, Vila Maria Baixa, São Paulo Zona Norte, São Paulo",1.500
norte,41 m² construídos2 quartos,"Rua Pedra Sabão, Vila Guilherme, São Paulo Zona Norte, São Paulo",1.500
norte,43 m² construídos2 quartos,"Rua General Liberato Bittencourt, Vila Medeiros, São Paulo Zona Norte, São Paulo",1.300
norte,60 m² construídos2 quartos,"Rua Pestana, Vila Guaca, São Paulo Zona Norte, São Paulo",1.500
norte,78 m² construídos3 quartos,"Jaçanã, São Paulo Zona Norte, São Paulo",1.500
norte,41 m² construídos2 quartos,"Rua Pedra Sabão, Vila Guilherme, São Paulo Zona Norte, São Paulo",1.500
norte,50 m² construídos2 quartos,"Rua Epaminondas Melo Do Amaral, Sítio Do Mandaqui, São Paulo Zona Norte, São Paulo",1.300
norte,74 m² construídos2 quartos,"Rua Alfredo Pujol, Santana, São Paulo Zona Norte, São Paulo",1.500
norte,60 m² construídos2 quartos,"Rua Antônio Dias Da Silva, Vila Amália, São Paulo Zona Norte, São Paulo",1.200
norte,50 m² construídos2 quartos,"Jardim Maristela, São Paulo Zona Norte, São Paulo",1.100
norte,67 m² construídos2 quartos,"Rua José Debieux, Santana, São Paulo Zona Norte, São Paulo",4.950
norte,94 m² construídos3 quartos,"Parque Mandaqui, São Paulo Zona Norte, São Paulo",2.500
norte,106 m² construídos3 quartos,"Lauzane Paulista, São Paulo Zona Norte, São Paulo",1.600
norte,66 m² construídos2 quartos,"Santana, São Paulo Zona Norte, São Paulo",1.800
norte,120 m² construídos3 quartos,"Rua Manuel De Sousa, Santana, São Paulo Zona Norte, São Paulo",3.500
norte,56 m² construídos2 quartos,"Avenida Boschetti, Vila Medeiros, São Paulo Zona Norte, São Paulo",1.300
norte,74 m² construídos2 quartos,"Santana, São Paulo Zona Norte, São Paulo",1.500
norte,80 m² construídos2 quartos,"Rua Roque De Morais, Limão, São Paulo Zona Norte, São Paulo",1.500
norte,90 m² construídos3 quartos,"Rua Vichy, Vila Baruel, São Paulo Zona Norte, São Paulo",2.000
norte,60 m² construídos2 quartos,"Rua Maria Cândida, Carandiru, São Paulo Zona Norte, São Paulo",2.050
norte,50 m² construídos2 quartos,"Rua Guaraja, Vila Mazzei, São Paulo Zona Norte, São Paulo",1.450
norte,68 m² construídos2 quartos,"Rua Voluntários Da Pátria, Santana, São Paulo Zona Norte, São Paulo",1.900
norte,40 m² construídos2 quartos,"Vila Zat, São Paulo Zona Norte, São Paulo",1.200
norte,102 m² construídos3 quartos,"Rua Itaici, Santa Teresinha, São Paulo Zona Norte, São Paulo",3.000
norte,60 m² construídos2 quartos,"Rua Chico Pontes, Vila Guilherme, São Paulo Zona Norte, São Paulo",1.400
norte,50 m² construídos2 quartos,"Jardim Maristela, São Paulo Zona Norte, São Paulo",1.100
norte,40 m² construídos2 quartos,"Rua Monte D Ouro, Tucuruvi, São Paulo Zona Norte, São Paulo",1.540
norte,133 m² construídos3 quartos,"Rua Marechal Hermes Da Fonseca, Santana, São Paulo Zona Norte, São Paulo",5.000
norte,117 m² construídos3 quartos,"Rua Guaranésia, Vila Maria, São Paulo Zona Norte, São Paulo",2.600
norte,45 m² construídos2 quartos,"Avenida Nelson Palma Travassos, Loteamento City Jaragua, São Paulo Zona Norte, São Paulo",1.386
norte,54 m² construídos2 quartos,"Vila Amália, São Paulo Zona Norte, São Paulo",1.350
norte,44 m² construídos1 quarto,"Rua Ezequiel Freire, Santana, São Paulo Zona Norte, São Paulo",2.500
norte,50 m² construídos2 quartos,"Vila Primavera, São Paulo Zona Norte, São Paulo",1.100
norte,34 m² construídos2 quartos,"Rua Nereu Rangel Pestana, Brasilândia, São Paulo Zona Norte, São Paulo",1.300
norte,63 m² construídos3 quartos,"Avenida Sebastião Henriques, Vila Siqueira (zona Norte), São Paulo Zona Norte, São Paulo",2.300
norte,490 m² construídos4 quartos,"Rua Deputado Laércio Cortes, Parque Tietê, São Paulo Zona Norte, São Paulo",16.000
norte,134 m² construídos3 quartos,"Santana, São Paulo Zona Norte, São Paulo",5.000
norte,80 m² construídos3 quartos,"Avenida Do Guacá, Lauzane Paulista, São Paulo Zona Norte, São Paulo",3.900
norte,70 m² construídos3 quartos,"Rua Filipe Da Silva, Lauzane Paulista, São Paulo Zona Norte, São Paulo",1.800
norte,70 m² construídos2 quartos,"Rua Marechal Hermes Da Fonseca, Santana, São Paulo Zona Norte, São Paulo",2.200
norte,72 m² construídos3 quartos,"Avenida Do Guacá, Lauzane Paulista, São Paulo Zona Norte, São Paulo",3.900
norte,20 m² construídos1 quarto,"Rua Voluntários Da Pátria, Santana, São Paulo Zona Norte, São Paulo",1.500
norte,42 m² construídos2 quartos,"Rua Doutor Fleury Silveira, Vila Santa Maria, São Paulo Zona Norte, São Paulo",1.650
norte,38 m² construídos1 quarto,"Vila Leonor, São Paulo Zona Norte, São Paulo",1.080
norte,200 m² construídos4 quartos,"Vila Maria Alta, São Paulo Zona Norte, São Paulo",7.500
norte,62 m² construídos2 quartos,"Vila Roque, São Paulo Zona Norte, São Paulo",1.600
norte,58 m² construídos2 quartos,"Rua Durval Fontoura Castro, Vila Paulista, São Paulo Zona Norte, São Paulo",2.100
norte,68 m² construídos3 quartos,"Rua Togo, Jardim Japão, São Paulo Zona Norte, São Paulo",1.900
norte,48 m² construídos2 quartos,"Sítio Morro Grande, São Paulo Zona Norte, São Paulo",1.550
norte,65 m² construídos2 quartos,"Jardim Paraíso, São Paulo Zona Norte, São Paulo",1.600
norte,158 m² construídos4 quartos,"Água Fria, São Paulo Zona Norte, São Paulo",3.200
norte,107 m² construídos3 quartos,"Rua João De Sousa Dias, Jardim Virgínia Bianca, São Paulo Zona Norte, São Paulo",3.800
norte,60 m² construídos3 quartos,"Rua Soldado José Fernandes Da Silva, Jardim Japão, São Paulo Zona Norte, São Paulo",2.000
norte,48 m² construídos2 quartos,"Vila Cruz Das Almas, São Paulo Zona Norte, São Paulo",1.050
norte,80 m² construídos2 quartos,"Rua Desembargador Euclides Da Silveira, Casa Verde, São Paulo Zona Norte, São Paulo",4.700
norte,48 m² construídos2 quartos,"Vila Medeiros, São Paulo Zona Norte, São Paulo",1.500
norte,98 m² construídos3 quartos,"Limão, São Paulo Zona Norte, São Paulo",2.800
norte,40 m² construídos2 quartos,"Sítio Morro Grande, São Paulo Zona Norte, São Paulo",1.600
norte,47 m² construídos2 quartos,"Vila Marina, São Paulo Zona Norte, São Paulo",1.650
norte,80 m² construídos3 quartos,"Av. Do Guacá, Lauzane Paulista, São Paulo Zona Norte, São Paulo",3.900
norte,49 m² construídos2 quartos,"Limão, São Paulo Zona Norte, São Paulo",1.610
norte,83 m² construídos2 quartos,"Rua Joseph Nigri, Jardim Peri, São Paulo Zona Norte, São Paulo",4.000
norte,60 m² construídos2 quartos,"Jardim Mariliza, São Paulo Zona Norte, São Paulo",1.435
norte,60 m² construídos2 quartos,"Rua Jacofer, Jardim Pereira Leite, São Paulo Zona Norte, São Paulo",2.314
norte,50 m² construídos2 quartos,"Protendit, São Paulo Zona Norte, São Paulo",1.700
norte,217 m² construídos4 quartos,"Rua Augusto Tolle, Santana, São Paulo Zona Norte, São Paulo",6.000
norte,50 m² construídos2 quartos,"Jardim Peri, São Paulo Zona Norte, São Paulo",1.800
norte,45 m² construídos2 quartos,"Rua Cândida Franco De Barros, Itaberaba, São Paulo Zona Norte, São Paulo",2.200
norte,46 m² construídos2 quartos,"Avenida Nelson Palma Travassos, Loteamento City Jaragua, São Paulo Zona Norte, São Paulo",1.080
norte,55 m² construídos2 quartos,"Rua Padre Gualberto De Lima, Parque Monteiro Soares, São Paulo Zona Norte, São Paulo",1.200
norte,105 m² construídos3 quartos,"Avenida Braz Leme, Santana, São Paulo Zona Norte, São Paulo",3.000
norte,44 m² construídos1 quarto,"Rua Ezequiel Freire, Santana, São Paulo Zona Norte, São Paulo",2.100
norte,65 m² construídos2 quartos,"Rua Eduardo Leopoldo, Vila Guilherme, São Paulo Zona Norte, São Paulo",2.790
norte,57 m² construídos2 quartos,"Avenida Clavásio Alves Da Silva, Vila Siqueira (zona Norte), São Paulo Zona Norte, São Paulo",1.866
norte,50 m² construídos2 quartos,"Vila Amália, São Paulo Zona Norte, São Paulo",1.350
norte,55 m² construídos2 quartos,"Rua Vitalina Moura, Vila Roque, São Paulo Zona Norte, São Paulo",1.390
norte,50 m² construídos2 quartos,"Vila Barbosa, São Paulo Zona Norte, São Paulo",1.500
norte,52 m² construídos2 quartos,"Rua Tito Nicolau, Vila Amália, São Paulo Zona Norte, São Paulo",1.350
norte,68 m² construídos3 quartos,"Avenida Marechal Eurico Gaspar Dutra, Santana, São Paulo Zona Norte, São Paulo",2.500
norte,60 m² construídos2 quartos,"Santana, São Paulo Zona Norte, São Paulo",1.350
norte,35 m² construídos1 quarto,"Rua Flor De Ouro, Vila Nova Galvão, São Paulo Zona Norte, São Paulo",750
norte,47 m² construídos2 quartos,"Jardim Centenário, São Paulo Zona Norte, São Paulo",1.300
norte,50 m² construídos2 quartos,"Avenida Nossa Senhora Do Ó, Limão, São Paulo Zona Norte, São Paulo",1.650
norte,83 m² construídos3 quartos,"Rua Rubiácea, Água Fria, São Paulo Zona Norte, São Paulo",3.200
norte,56 m² construídos2 quartos,"Rua Itza, Jardim Modelo, São Paulo Zona Norte, São Paulo",1.800
norte,75 m² totais3 quartos,"Vila Mangalot, São Paulo Zona Norte, São Paulo",2.600
norte,50 m² construídos2 quartos,"Itaberaba, São Paulo Zona Norte, São Paulo",1.450
norte,52 m² construídos2 quartos,"Vila Amália, São Paulo Zona Norte, São Paulo",1.350
norte,135 m² construídos3 quartos,"Rua Alfredo Pujol, Santana, São Paulo Zona Norte, São Paulo",3.000
norte,55 m² construídos2 quartos,"Jardim Regina, São Paulo Zona Norte, São Paulo",1.300
norte,58 m² construídos2 quartos,"Avenida Michihisa Murata, Jardim Maristela, São Paulo Zona Norte, São Paulo",1.200
norte,58 m² construídos2 quartos,"Rua Severa,
                1041, Vila Maria, São Paulo Zona Norte, São Paulo",2.080
norte,52 m² construídos2 quartos,"Rua Tito Nicolau, Vila Amália, São Paulo Zona Norte, São Paulo",1.350
norte,87 m² construídos3 quartos,"Avenida Do Guacá, Lauzane Paulista, São Paulo Zona Norte, São Paulo",3.500
norte,68 m² construídos2 quartos,"Rua Doutor Guilherme Cristofel, Santana, São Paulo Zona Norte, São Paulo",2.100
norte,65 m² construídos3 quartos,"Rua Guaraja, Vila Mazzei, São Paulo Zona Norte, São Paulo",2.100
norte,69 m² construídos2 quartos,"Avenida Edu Chaves, Parque Edu Chaves, São Paulo Zona Norte, São Paulo",1.500
norte,52 m² construídos2 quartos,"Rua João Amado Coutinho, Conjunto Residencial Elisio Teixeira Leite, São Paulo Zona Norte, São Paulo",1.000
norte,252 m² construídos3 quartos,"Rua Jerônima Dias, Água Fria, São Paulo Zona Norte, São Paulo",4.450
norte,74 m² construídos2 quartos,"Santana, São Paulo Zona Norte, São Paulo",1.500
norte,74 m² construídos2 quartos,"Rua Roque De Morais, Limão, São Paulo Zona Norte, São Paulo",1.600
norte,56 m² construídos2 quartos,"Avenida Monte Celeste, Vila Santa Maria, São Paulo Zona Norte, São Paulo",2.300
norte,50 m² construídos2 quartos,"Rua Vicente Ferreira Leite, Vila Siqueira (zona Norte), São Paulo Zona Norte, São Paulo",1.400
norte,46 m² construídos2 quartos,"Loteamento City Jaragua, São Paulo Zona Norte, São Paulo",950
norte,60 m² construídos2 quartos,"Rua Comandante Antônio Paiva Sampaio, Parque Vitória, São Paulo Zona Norte, São Paulo",2.400
norte,67 m² construídos2 quartos,"Casa Verde, São Paulo Zona Norte, São Paulo",2.300
norte,65 m² construídos2 quartos,"Avenida Sebastião Henriques, Vila Siqueira (zona Norte), São Paulo Zona Norte, São Paulo",2.000
norte,55 m² construídos2 quartos,"Avenida Doutor Francisco Ranieri, Lauzane Paulista, São Paulo Zona Norte, São Paulo",1.100
norte,48 m² construídos2 quartos,"Rua Daniel Vieira, Vila Guaca, São Paulo Zona Norte, São Paulo",1.300
norte,39 m² construídos1 quarto,"Rua Carolina Soares, Vila Diva (zona Norte), São Paulo Zona Norte, São Paulo",1.300
norte,39 m² construídos1 quarto,"Rua Carolina Soares, Vila Diva (zona Norte), São Paulo Zona Norte, São Paulo",1.300
norte,39 m² construídos1 quarto,"Rua Carolina Soares, Vila Diva (zona Norte), São Paulo Zona Norte, São Paulo",1.300
norte,39 m² construídos1 quarto,"Rua Carolina Soares, Vila Diva (zona Norte), São Paulo Zona Norte, São Paulo",1.300
norte,39 m² construídos1 quarto,"Rua Carolina Soares, Vila Diva (zona Norte), São Paulo Zona Norte, São Paulo",1.300
norte,39 m² construídos1 quarto,"Rua Carolina Soares, Vila Diva (zona Norte), São Paulo Zona Norte, São Paulo",1.300
norte,39 m² construídos1 quarto,"Rua Carolina Soares, Vila Diva (zona Norte), São Paulo Zona Norte, São Paulo",1.300
norte,39 m² construídos1 quarto,"Rua Carolina Soares, Vila Diva (zona Norte), São Paulo Zona Norte, São Paulo",1.300
norte,39 m² construídos1 quarto,"Rua Carolina Soares, Vila Diva (zona Norte), São Paulo Zona Norte, São Paulo",1.300
norte,39 m² construídos1 quarto,"Rua Carolina Soares, Vila Diva (zona Norte), São Paulo Zona Norte, São Paulo",1.300
norte,39 m² construídos1 quarto,"Rua Carolina Soares, Vila Diva (zona Norte), São Paulo Zona Norte, São Paulo",1.300
norte,39 m² construídos1 quarto,"Rua Carolina Soares, Vila Diva (zona Norte), São Paulo Zona Norte, São Paulo",1.300
norte,39 m² construídos1 quarto,"Rua Carolina Soares, Vila Diva (zona Norte), São Paulo Zona Norte, São Paulo",1.300
norte,39 m² construídos1 quarto,"Rua Carolina Soares, Vila Diva (zona Norte), São Paulo Zona Norte, São Paulo",1.300
norte,58 m² construídos2 quartos,"Avenida Deputado Emílio Carlos, Limão, São Paulo Zona Norte, São Paulo",1.350
norte,52 m² construídos2 quartos,"Rua Tito Nicolau, Vila Amália, São Paulo Zona Norte, São Paulo",1.350
norte,73 m² construídos2 quartos,"Santa Teresinha, São Paulo Zona Norte, São Paulo",2.950
norte,66 m² construídos3 quartos,"Vila Nivi, São Paulo Zona Norte, São Paulo",2.200
norte,55 m² construídos2 quartos,"Rua Josefina Arnoni, Vila Irmãos Arnoni, São Paulo Zona Norte, São Paulo",1.100
norte,70 m² construídos3 quartos,"Rua Antônio Ribeiro De Morais, Vila Carbone, São Paulo Zona Norte, São Paulo",1.800
norte,39 m² construídos1 quarto,"Rua Carolina Soares, Vila Diva (zona Norte), São Paulo Zona Norte, São Paulo",1.300
norte,39 m² construídos1 quarto,"Rua Carolina Soares, Vila Diva (zona Norte), São Paulo Zona Norte, São Paulo",1.300
norte,39 m² construídos1 quarto,"Rua Carolina Soares, Vila Diva (zona Norte), São Paulo Zona Norte, São Paulo",1.300
norte,39 m² construídos1 quarto,"Rua Carolina Soares, Vila Diva (zona Norte), São Paulo Zona Norte, São Paulo",1.300
norte,70 m² construídos3 quartos,"Vila Palmeiras, São Paulo Zona Norte, São Paulo",2.200
norte,74 m² construídos2 quartos,"Alfredo Pujol, Santana, São Paulo Zona Norte, São Paulo",1.500
norte,36 m² construídos1 quarto,"Rua Pedro Doll, Santana, São Paulo Zona Norte, São Paulo",1.800
norte,40 m² construídos1 quarto,"Jardim Cidade Pirituba, São Paulo Zona Norte, São Paulo",1.400
norte,59 m² construídos2 quartos,"Santana, São Paulo Zona Norte, São Paulo",1.650
norte,45 m² construídos1 quarto,"Santana, São Paulo Zona Norte, São Paulo",2.500
norte,48 m² construídos2 quartos,"Rua Itamonte, Vila Medeiros, São Paulo Zona Norte, São Paulo",1.500
norte,50 m² construídos2 quartos,"Vila Gustavo, São Paulo Zona Norte, São Paulo",1.900
norte,61 m² construídos2 quartos,"Jardim São Paulo, São Paulo Zona Norte, São Paulo",3.200
norte,40 m² construídos2 quartos,"Rua General Nestor Passos, Jardim Paraíso, São Paulo Zona Norte, São Paulo",1.900
norte,160 m² construídos3 quartos,"Rua Cezar Zama, Santana, São Paulo Zona Norte, São Paulo",4.900
norte,75 m² construídos3 quartos,"Praça Garção Tinoco, Santana, São Paulo Zona Norte, São Paulo",2.330
norte,83 m² construídos3 quartos,"Jardim Cidade Pirituba, São Paulo Zona Norte, São Paulo",1.600
norte,220 m² construídos4 quartos,"Nao Informado, Santana, São Paulo Zona Norte, São Paulo",3.500
norte,154 m² construídos4 quartos,"Rua Francisca Júlia, Santana, São Paulo Zona Norte, São Paulo",3.500
norte,87 m² construídos3 quartos,"Rua Voluntários Da Pátria, Santana, São Paulo Zona Norte, São Paulo",1.600
norte,70 m² construídos2 quartos,"Tucuruvi, São Paulo Zona Norte, São Paulo",1.500
norte,50 m² construídos2 quartos,"Rua Major Dantas Cortez, Vila Gustavo, São Paulo Zona Norte, São Paulo",1.900
norte,86 m² construídos3 quartos,"Rua Jacofer, Jardim Pereira Leite, São Paulo Zona Norte, São Paulo",3.100
norte,60 m² construídos2 quartos,"Rua Jardimirim, Jardim Do Colégio (zona Norte), São Paulo Zona Norte, São Paulo",2.500
norte,60 m² construídos2 quartos,"Rua Ciridião Durval, Vila Paulista, São Paulo Zona Norte, São Paulo",1.600
norte,52 m² construídos2 quartos,"Rua Aragão, Vila Mazzei, São Paulo Zona Norte, São Paulo",1.800
norte,40 m² construídos2 quartos,"Rua General Nestor Passos, Jardim Paraíso, São Paulo Zona Norte, São Paulo",2.000
norte,75 m² construídos3 quartos,"Rua Professor José Miziara, Santa Teresinha, São Paulo Zona Norte, São Paulo",2.350
norte,40 m² construídos2 quartos,"Rua General Nestor Passos, Jardim Paraíso, São Paulo Zona Norte, São Paulo",1.900
norte,44 m² construídos1 quarto,"Rua Ezequiel Freire, Santana, São Paulo Zona Norte, São Paulo",2.300
norte,60 m² construídos2 quartos,"Avenida Coronel Sezefredo Fagundes, Tucuruvi, São Paulo Zona Norte, São Paulo",1.250
norte,80 m² construídos2 quartos,"Rua Voluntários Da Pátria, Santana, São Paulo Zona Norte, São Paulo",1.600
norte,83 m² construídos3 quartos,"Rua Rubiácea, Água Fria, São Paulo Zona Norte, São Paulo",3.200
norte,40 m² construídos2 quartos,"Rua Manoel De Souza Azevedo, Sítio Morro Grande, São Paulo Zona Norte, São Paulo",1.600
norte,80 m² construídos4 quartos,"Avenida Guilherme Cotching, Vila Maria, São Paulo Zona Norte, São Paulo",2.800
norte,52 m² construídos2 quartos,"Rua Cauré, Vila Mazzei, São Paulo Zona Norte, São Paulo",1.400
norte,60 m² construídos1 quarto,"Rua Doutor Olavo Egídio, Santana, São Paulo Zona Norte, São Paulo",4.000
norte,80 m² construídos4 quartos,"Vila Maria, São Paulo Zona Norte, São Paulo",2.800
norte,68 m² construídos2 quartos,"Casa Verde, São Paulo Zona Norte, São Paulo",2.300
norte,32 m² construídos1 quarto,"Rua Monte D Ouro, Tucuruvi, São Paulo Zona Norte, São Paulo",1.400
norte,60 m² construídos2 quartos,"Rua Antônio Dias Da Silva, Vila Amália, São Paulo Zona Norte, São Paulo",1.180
norte,76 m² construídos2 quartos,"Rua Aviador Gil Guilherme, Santana, São Paulo Zona Norte, São Paulo",3.500
norte,51 m² construídos2 quartos,"Vila Mangalot, São Paulo Zona Norte, São Paulo",1.100
norte,64 m² construídos2 quartos,"Rua Do Canal, Vila Guilherme, São Paulo Zona Norte, São Paulo",2.640
norte,80 m² construídos3 quartos,"Santa Teresinha, São Paulo Zona Norte, São Paulo",2.200
norte,50 m² construídos2 quartos,"Vila Roque, São Paulo Zona Norte, São Paulo",1.400
norte,68 m² construídos2 quartos,"Vila Nova Cachoeirinha, São Paulo Zona Norte, São Paulo",1.300
norte,35 m² construídos2 quartos,"Vila Mangalot, São Paulo Zona Norte, São Paulo",1.500
norte,42 m² construídos2 quartos,"Av. Nelson Palma Travassos - Jardim Pirituba, Loteamento City Jaragua, São Paulo Zona Norte, São Paulo",1.500
norte,70 m² construídos2 quartos,"Praça Yedo, Vila Maria Alta, São Paulo Zona Norte, São Paulo",1.400
norte,50 m² construídos1 quarto,"Jardim Cidade Pirituba, São Paulo Zona Norte, São Paulo",1.400
norte,60 m² construídos2 quartos,"Lauzane Paulista, São Paulo Zona Norte, São Paulo",2.900
norte,69 m² construídos2 quartos,"Avenida Edu Chaves, Parque Edu Chaves, São Paulo Zona Norte, São Paulo",1.500
norte,45 m² construídos2 quartos,"Jardim Cidade Pirituba, São Paulo Zona Norte, São Paulo",1.550
norte,40 m² construídos1 quarto,"Jardim Cidade Pirituba, São Paulo Zona Norte, São Paulo",1.350
norte,48 m² construídos2 quartos,"Vila Guaca, São Paulo Zona Norte, São Paulo",1.300
norte,235 m² construídos4 quartos,"Av. Do Guacá, Lauzane Paulista, São Paulo Zona Norte, São Paulo",5.000
norte,48 m² construídos2 quartos,"Jardim Centenário, São Paulo Zona Norte, São Paulo",1.400
norte,69 m² construídos2 quartos,"Parque Edu Chaves, São Paulo Zona Norte, São Paulo",1.500
norte,80 m² construídos3 quartos,"Rua Doutor Orlando Zamitti Mammana, Jardim Paraíso, São Paulo Zona Norte, São Paulo",3.000
norte,53 m² construídos2 quartos,"Rua José Debieux, Santana, São Paulo Zona Norte, São Paulo",3.000
norte,58 m² construídos2 quartos,"Rua Paulo Vidigal Vicente De Azevedo, Vila Siqueira (zona Norte), São Paulo Zona Norte, São Paulo",2.000
norte,48 m² construídos2 quartos,"Vila Barreto, São Paulo Zona Norte, São Paulo",1.800
norte,58 m² construídos2 quartos,"Avenida Michihisa Murata, Jardim Maristela, São Paulo Zona Norte, São Paulo",1.100
norte,70 m² construídos2 quartos,"Avenida General Ataliba Leonel, Santana, São Paulo Zona Norte, São Paulo",1.790
norte,82 m² construídos3 quartos,"Vila Nova Cachoeirinha, São Paulo Zona Norte, São Paulo",1.200
norte,70 m² construídos2 quartos,"Santana, São Paulo Zona Norte, São Paulo",4.500
norte,60 m² construídos2 quartos,"Avenida General Ataliba Leonel, Santana, São Paulo Zona Norte, São Paulo",1.790
norte,100 m² construídos2 quartos,"Praça Do Centenário, Casa Verde, São Paulo Zona Norte, São Paulo",1.900
norte,50 m² construídos1 quarto,"Santana, São Paulo Zona Norte, São Paulo",1.300
norte,60 m² construídos2 quartos,"Casa Verde, São Paulo Zona Norte, São Paulo",1.650
norte,46 m² construídos2 quartos,"Vila Nova Cachoeirinha, São Paulo Zona Norte, São Paulo",1.750
norte,94 m² construídos3 quartos,"Rua Atílio Piffer, Casa Verde, São Paulo Zona Norte, São Paulo",2.500
norte,55 m² construídos2 quartos,"Sítio Do Morro, São Paulo Zona Norte, São Paulo",1.300
sul,110 m² construídos3 quartos,"Rua Peixoto Gomide, 1491, Jardim Paulista, São Paulo Zona Sul, São Paulo",6.000
sul,70 m² construídos1 quarto,"Rua João De Lacerda Soares, 133, Jardim Das Acácias, São Paulo Zona Sul, São Paulo",2.200
sul,53 m² construídos1 quarto,"Jardim Paulista, São Paulo Zona Sul, São Paulo",5.100
sul,60 m² construídos2 quartos,"Vila Independência, São Paulo Zona Sul, São Paulo",2.100
sul,40 m² construídos1 quarto,"Jardim Paulista, São Paulo Zona Sul, São Paulo",2.900
sul,45 m² construídos1 quarto,"Jardim Paulista, São Paulo Zona Sul, São Paulo",2.800
sul,58 m² construídos2 quartos,"Rua Maria José Da Conceição, Vila Andrade, São Paulo Zona Sul, São Paulo",1.950
sul,215 m² construídos5 quartos,"Itaim Bibi, São Paulo Zona Sul, São Paulo",13.000
sul,50 m² construídos2 quartos,"Rua Zike Tuma, 744 - Jardim Ubirajara, São Paulo - Sp, Brasil, Jardim São Jorge, São Paulo Zona Sul, São Paulo",1.000
sul,59 m² construídos1 quarto,"R. Do Manifesto, 1558, Ipiranga, São Paulo Zona Sul, São Paulo",1.399
sul,62 m² construídos2 quartos,"Rua Cândida Medeiros Da Silva, 92, Jardim Patente Novo, São Paulo Zona Sul, São Paulo",1.300
sul,78 m² construídos2 quartos,"Rua Bom Pastor, 1426, Ipiranga, São Paulo Zona Sul, São Paulo",1.550
sul,83 m² construídos2 quartos,"Rua Bom Pastor, 1426, Ipiranga, São Paulo Zona Sul, São Paulo",1.750
sul,74 m² construídos3 quartos,"Avenida Fagundes Filho, 744, Vila Monte Alegre, São Paulo Zona Sul, São Paulo",3.300
sul,33 m² construídos1 quarto,"Rua Bom Pastor, 1557, Ipiranga, São Paulo Zona Sul, São Paulo",2.100
sul,160 m² construídos2 quartos,"Rua Jean De La Huerta, 1013, Vila Brasilina, São Paulo Zona Sul, São Paulo",1.600
sul,70 m² construídos2 quartos,"R. Eduardo Carlos Pereira, 391, Vila Dom Pedro I, São Paulo Zona Sul, São Paulo",1.699
sul,60 m² construídos1 quarto,"Rua Lino Coutinho, 0836, Ipiranga, São Paulo Zona Sul, São Paulo",1.299
sul,45 m² construídos1 quarto,"Rua Malvina Ferrara Samarone, 100, Vila Moinho Velho, São Paulo Zona Sul, São Paulo",2.000
sul,39 m² construídos2 quartos,"R. Alencar Araripe, 74, Sacomã, São Paulo Zona Sul, São Paulo",1.300
sul,45 m² totais1 quarto,"Vila Olímpia - São Paulo/sp, Vila Olímpia, São Paulo Zona Sul, São Paulo",2.300
sul,63 m² construídos2 quartos,"Rua Mil Oitocentos E Vinte E Dois, 895, Ipiranga, São Paulo Zona Sul, São Paulo",3.400
sul,63 m² construídos2 quartos,"Rua Doutor Gentil Leite Martins, 152, Vila Nova Caledônia, São Paulo Zona Sul, São Paulo",2.100
sul,87 m² construídos2 quartos,"Rua Lino Coutinho, 0237, Ipiranga, São Paulo Zona Sul, São Paulo",2.200
sul,70 m² construídos2 quartos,"Rua Marquês De Olinda, 464, Vila Dom Pedro I, São Paulo Zona Sul, São Paulo",2.000
sul,70 m² construídos2 quartos,"R. Dr. Nicolau Alberto Defina - Jardim Da Saúde, São Paulo - Sp, Brasil, Jardim Saúde, São Paulo Zona Sul, São Paulo",1.350
sul,35 m² construídos1 quarto,"Rua José Quaresma Júnior, 675 - Parque Grajau, São Paulo - Sp, Brasil, Parque Grajaú, São Paulo Zona Sul, São Paulo",750
sul,190 m² construídos3 quartos,"Jardim Paulista, São Paulo Zona Sul, São Paulo",4.000
sul,60 m² construídos2 quartos,"Vila Do Encontro, São Paulo Zona Sul, São Paulo",1.300
sul,45 m² construídos2 quartos,"Avenida Do Cursino, 5781 - Vila Moraes, São Paulo - Sp, Brasil, Sacomã, São Paulo Zona Sul, São Paulo",1.500
sul,139 m² construídos4 quartos,"Vila Mariana, São Paulo Zona Sul, São Paulo",4.500
sul,110 m² construídos3 quartos,"Rua Doutor Fadlo Haidar, 165, Vila Olímpia, São Paulo Zona Sul, São Paulo",6.500
sul,119 m² construídos1 quarto,"Altino Arantes, Vila Clementino, São Paulo Zona Sul, São Paulo",4.100
sul,34 m² construídos1 quarto,"R. Bom Pastor, 2056, Ipiranga, São Paulo Zona Sul, São Paulo",1.600
sul,96 m² construídos2 quartos,"Avenida Giovanni Gronchi, Vila Andrade, São Paulo Zona Sul, São Paulo",3.900
sul,64 m² totais2 quartos,"Moema - São Paulo/sp, Moema, São Paulo Zona Sul, São Paulo",3.200
sul,50 m² construídos2 quartos,"R. Tabor, 491, Ipiranga, São Paulo Zona Sul, São Paulo",2.500
sul,32 m² construídos1 quarto,"Rod. Anchieta, 580, Vila Moinho Velho, São Paulo Zona Sul, São Paulo",1.100
sul,29 m² construídos1 quarto,"R. Dr. Clemente Jobim, 65, Jardim Da Glória, São Paulo Zona Sul, São Paulo",1.500
sul,50 m² totais2 quartos,"Vila Nova Conceição - São Paulo/sp, Vila Nova Conceição, São Paulo Zona Sul, São Paulo",3.600
sul,45 m² construídos2 quartos,"R. Alessandro Alberti, 21, Jardim Celeste, São Paulo Zona Sul, São Paulo",1.200
sul,98 m² construídos2 quartos,"Vila Olímpia, São Paulo Zona Sul, São Paulo",5.200
sul,100 m² construídos3 quartos,"Rua Xavier De Almeida, 0235, Ipiranga, São Paulo Zona Sul, São Paulo",2.500
sul,52 m² construídos2 quartos,"Av. Carioca, 745, Vila Carioca, São Paulo Zona Sul, São Paulo",2.200
sul,186 m² construídos3 quartos,"Itaim Bibi - São Paulo/sp, Itaim Bibi, São Paulo Zona Sul, São Paulo",6.800
sul,250 m² construídos4 quartos,"Largo Senador Raul Cardoso, Vila Clementino, São Paulo Zona Sul, São Paulo",10.000
sul,82 m² construídos2 quartos,"Vila Olímpia, São Paulo Zona Sul, São Paulo",2.600
sul,96 m² totais2 quartos,"Jardim Paulista - São Paulo/sp, Jardim Paulista, São Paulo Zona Sul, São Paulo",3.500
sul,66 m² construídos2 quartos,"Vila Olímpia, São Paulo Zona Sul, São Paulo",2.400
sul,60 m² construídos2 quartos,"R. Marquês De Lages, 1607, Vila Moraes, São Paulo Zona Sul, São Paulo",1.100
sul,45 m² construídos1 quarto,"Rua Agostinho Gomes, 1326, Ipiranga, São Paulo Zona Sul, São Paulo",1.800
sul,38 m² construídos2 quartos,"Rod. Anchieta, 580, Vila Moinho Velho, São Paulo Zona Sul, São Paulo",1.400
sul,35 m² construídos1 quarto,"Vila Olímpia, São Paulo Zona Sul, São Paulo",4.000
sul,71 m² construídos2 quartos,"Vila Nova Conceição, São Paulo Zona Sul, São Paulo",3.150
sul,65 m² construídos2 quartos,"Vila Olímpia, São Paulo Zona Sul, São Paulo",3.500
sul,74 m² construídos2 quartos,"Vila Olímpia, São Paulo Zona Sul, São Paulo",2.500
sul,65 m² construídos2 quartos,"R. Lino Guedes, 128, Vila Brasílio Machado, São Paulo Zona Sul, São Paulo",2.300
sul,68 m² construídos2 quartos,"Vila Olímpia, São Paulo Zona Sul, São Paulo",5.000
sul,89 m² construídos2 quartos,"Vila Nova Conceição, São Paulo Zona Sul, São Paulo",4.000
sul,96 m² construídos3 quartos,"Vila Olímpia, São Paulo Zona Sul, São Paulo",4.500
sul,280 m² construídos3 quartos,"Rua Said Aiach - Paraíso, São Paulo - Sp, Brasil, Ibirapuera, São Paulo Zona Sul, São Paulo",19.000
sul,62 m² construídos3 quartos,"Vila Moraes, São Paulo Zona Sul, São Paulo",2.000
sul,70 m² construídos1 quarto,"Vila Nova Conceição - São Paulo/sp, Vila Nova Conceição, São Paulo Zona Sul, São Paulo",2.300
sul,35 m² construídos1 quarto,"Vila Guarani (z Sul), São Paulo Zona Sul, São Paulo",1.100
sul,55 m² totais1 quarto,"Itaim Bibi - São Paulo/sp, Itaim Bibi, São Paulo Zona Sul, São Paulo",2.950
sul,90 m² construídos3 quartos,"Rua José Antônio Coelho 764, Vila Mariana, São Paulo Zona Sul, São Paulo",5.000
sul,30 m² construídos1 quarto,"Rua Doutor Benedito Matarazzo - Parque Maria Helena, São Paulo - Sp, Brasil, Capão Redondo, São Paulo Zona Sul, São Paulo",800
sul,74 m² construídos3 quartos,"Rua Vigário Albernaz 523, Vila Gumercindo, São Paulo Zona Sul, São Paulo",1.900
sul,56 m² construídos2 quartos,"Ref 914, Jardim São Bernardo, São Paulo Zona Sul, São Paulo",1.500
sul,100 m² construídos3 quartos,"Rua Capitão Otávio Machado, 950 - Chácara Santo Antônio (zona Sul), São Paulo - Sp, Brasil, Chácara Santo Antônio (capital Zona Sul), São Paulo Zona Sul, São Paulo",4.750
sul,45 m² construídos1 quarto,"Itaim Bibi - São Paulo/sp, Itaim Bibi, São Paulo Zona Sul, São Paulo",2.000
sul,80 m² construídos3 quartos,"Vila Olímpia, São Paulo Zona Sul, São Paulo",4.200
sul,140 m² construídos3 quartos,"Rua José Maria Lisboa, 330 - Jardim Paulista, São Paulo - Sp, Brasil, Jardim Paulista, São Paulo Zona Sul, São Paulo",15.000
sul,65 m² construídos2 quartos,"Rua Das Camélias, Mirandópolis, São Paulo Zona Sul, São Paulo",2.500
sul,30 m² construídos1 quarto,"Rua Dos Jacintos, 15, Mirandópolis, São Paulo Zona Sul, São Paulo",2.500
sul,30 m² construídos1 quarto,"Rua Dos Jacintos, 15, Mirandópolis, São Paulo Zona Sul, São Paulo",2.500
sul,30 m² construídos1 quarto,"Rua Dos Jacintos, 15, Mirandópolis, São Paulo Zona Sul, São Paulo",2.300
sul,32 m² construídos1 quarto,"Rua Adolfo Reile, Jardim Celeste, São Paulo Zona Sul, São Paulo",1.400
sul,40 m² construídos2 quartos,"Rua Joaquim Nunes Teixeira - Vila Plana, São Paulo - Sp, Brasil, Vila Das Belezas, São Paulo Zona Sul, São Paulo",1.500
sul,52 m² construídos2 quartos,"Rua Jaracatiá, 165 - Jardim Umarizal, São Paulo - Sp, Brasil, Campo Limpo, São Paulo Zona Sul, São Paulo",1.800
sul,52 m² construídos2 quartos,"Estrada Dos Mirandas - Jardim Maria Duarte, São Paulo - Sp, Brasil, Campo Limpo, São Paulo Zona Sul, São Paulo",1.800
sul,75 m² construídos2 quartos,"Al. Jauaperi, Moema, São Paulo Zona Sul, São Paulo",3.500
sul,262 m² construídos4 quartos,"Rua Doutor Rafael De Barros,, Paraíso, São Paulo Zona Sul, São Paulo",15.000
sul,70 m² construídos1 quarto,"Rua Itacema, Itaim Bibi, São Paulo Zona Sul, São Paulo",2.650
sul,100 m² construídos3 quartos,"R Teixeira Da Silva, Paraíso, São Paulo Zona Sul, São Paulo",5.000
sul,57 m² totais1 quarto,"Avenida Presidente Juscelino Kubitschek,, Vila Nova Conceição, São Paulo Zona Sul, São Paulo",8.523
sul,65 m² construídos2 quartos,"Rua Correia De Lemos, Vila Mariana, São Paulo Zona Sul, São Paulo",2.900
sul,75 m² construídos3 quartos,"Rua Do Arraial, Vila Mariana, São Paulo Zona Sul, São Paulo",2.800
sul,84 m² construídos3 quartos,"Jardim Brasil (zona Sul), São Paulo Zona Sul, São Paulo",2.980
sul,67 m² construídos2 quartos,"Moema, São Paulo Zona Sul, São Paulo",4.900
sul,72 m² construídos2 quartos,"Rua Das Flechas, Vila Santa Catarina, São Paulo Zona Sul, São Paulo",3.300
sul,96 m² construídos2 quartos,"Brooklin Paulista, São Paulo Zona Sul, São Paulo",8.250
sul,71 m² construídos2 quartos,"Alameda Jaú, Jardim Paulista, São Paulo Zona Sul, São Paulo",7.000
sul,62 m² construídos2 quartos,"Rua Gabriele D Annunzio, Campo Belo, São Paulo Zona Sul, São Paulo",2.750
sul,200 m² construídos3 quartos,"Rua Guarará, Jardim Paulista, São Paulo Zona Sul, São Paulo",23.000
sul,132 m² construídos3 quartos,"Vila Gertrudes, São Paulo Zona Sul, São Paulo",12.000
sul,69 m² construídos3 quartos,"Avenida Coronel Francisco Júlio César Alfieri, Vila São Paulo, São Paulo Zona Sul, São Paulo",2.600
sul,58 m² construídos2 quartos,"Rua Fernando De Noronha, Chácara Inglesa, São Paulo Zona Sul, São Paulo",2.000
sul,70 m² construídos2 quartos,"Alameda  Gabriel Monteiro Da Silva, Jardim América, São Paulo Zona Sul, São Paulo",7.000
sul,40 m² construídos1 quarto,"Avenida Jabaquara, Mirandópolis, São Paulo Zona Sul, São Paulo",175.000
sul,80 m² construídos1 quarto,"Saúde, São Paulo Zona Sul, São Paulo",2.500
sul,54 m² construídos2 quartos,"Vila Olímpia, São Paulo Zona Sul, São Paulo",2.600
sul,61 m² construídos2 quartos,"Rua Balthazar Da Veiga, Vila Nova Conceição, São Paulo Zona Sul, São Paulo",4.603
sul,23 m² construídos1 quarto,"Aclimação, São Paulo Zona Sul, São Paulo",1.080
sul,276 m² construídos4 quartos,"Campo Belo, São Paulo Zona Sul, São Paulo",10.000
sul,85 m² construídos3 quartos,"Chácara Inglesa, São Paulo Zona Sul, São Paulo",3.200
sul,50 m² construídos1 quarto,"Vila Gertrudes, São Paulo Zona Sul, São Paulo",780.000
sul,209 m² construídos4 quartos,"Vila Uberabinha, São Paulo Zona Sul, São Paulo",5.500
sul,48 m² construídos1 quarto,"Indianópolis, São Paulo Zona Sul, São Paulo",4.500
sul,48 m² construídos1 quarto,"Rua Constantino De Sousa, Campo Belo, São Paulo Zona Sul, São Paulo",2.800
sul,473 m² construídos4 quartos,"Alameda Jauaperi, Moema, São Paulo Zona Sul, São Paulo",15.000
sul,73 m² construídos2 quartos,"Alameda Dos Jurupis, Indianópolis, São Paulo Zona Sul, São Paulo",4.301
sul,210 m² construídos3 quartos,"Rua Juquis, Indianópolis, São Paulo Zona Sul, São Paulo",23.000
sul,165 m² construídos4 quartos,"Alameda Jauaperi, Moema, São Paulo Zona Sul, São Paulo",8.500
sul,118 m² construídos3 quartos,"Rua José Maria Lisboa, Jardim Paulista, São Paulo Zona Sul, São Paulo",4.000
sul,40 m² construídos1 quarto,"Vila Gertrudes, São Paulo Zona Sul, São Paulo",3.900
sul,70 m² construídos3 quartos,"Rua Cônego José Norberto, Vila Brasílio Machado, São Paulo Zona Sul, São Paulo",2.300
sul,40 m² construídos1 quarto,"Avenida Doutor Altino Arantes, Vila Clementino, São Paulo Zona Sul, São Paulo",2.500
sul,172 m² construídos3 quartos,"Rua Pedroso Alvarenga, Itaim Bibi, São Paulo Zona Sul, São Paulo",5.200
sul,75 m² construídos3 quartos,"Rua Jaci, Chácara Inglesa, São Paulo Zona Sul, São Paulo",2.990
sul,137 m² construídos3 quartos,"Rua Afonso De Freitas, Paraíso, São Paulo Zona Sul, São Paulo",3.700
sul,65 m² construídos3 quartos,"Rua Professor Arnaldo João Semeraro, Jardim Santa Emília, São Paulo Zona Sul, São Paulo",1.600
sul,200 m² construídos3 quartos,"Avenida Açocê, Indianópolis, São Paulo Zona Sul, São Paulo",14.500
sul,212 m² construídos4 quartos,"Rua Guapiaçu, Vila Clementino, São Paulo Zona Sul, São Paulo",6.800
sul,130 m² construídos3 quartos,"Rua Doutor Bacelar, Vila Clementino, São Paulo Zona Sul, São Paulo",6.900
sul,71 m² construídos1 quarto,"Alameda Jaú, Jardim Paulista, São Paulo Zona Sul, São Paulo",7.000
sul,120 m² construídos3 quartos,"Rua Pedroso Alvarenga, Itaim Bibi, São Paulo Zona Sul, São Paulo",5.600
sul,234 m² construídos3 quartos,"Rua Gabriele D Annunzio, Campo Belo, São Paulo Zona Sul, São Paulo",18.000
sul,55 m² construídos1 quarto,"Rua Doutor Paschoal Imperatriz, Vila Gertrudes, São Paulo Zona Sul, São Paulo",4.200
sul,52 m² construídos1 quarto,"Rua Guararapes, Brooklin Paulista, São Paulo Zona Sul, São Paulo",3.200
sul,157 m² construídos3 quartos,"Rua Manuel Da Nóbrega, Paraíso, São Paulo Zona Sul, São Paulo",5.200
sul,92 m² construídos2 quartos,"Jardim Dom Bosco, São Paulo Zona Sul, São Paulo",4.500
sul,85 m² construídos2 quartos,"Rua Dos Caciques, Vila Da Saúde, São Paulo Zona Sul, São Paulo",4.600
sul,60 m² construídos2 quartos,"Rua Três De Maio, Vila Clementino, São Paulo Zona Sul, São Paulo",2.500
sul,61 m² construídos2 quartos,"Avenida Doutor Altino Arantes, Vila Clementino, São Paulo Zona Sul, São Paulo",2.300
sul,265 m² construídos4 quartos,"Jardim Vila Mariana, São Paulo Zona Sul, São Paulo",5.500
sul,55 m² construídos2 quartos,"Rua Pedro De Toledo, Vila Clementino, São Paulo Zona Sul, São Paulo",2.600
sul,81 m² construídos3 quartos,"Rua Loefgreen, Vila Clementino, São Paulo Zona Sul, São Paulo",2.500
sul,65 m² construídos2 quartos,"Jardim Paulista, São Paulo Zona Sul, São Paulo",3.200
sul,100 m² construídos3 quartos,"Vila Olímpia, São Paulo Zona Sul, São Paulo",5.500
sul,76 m² construídos2 quartos,"Jardim Paulista, São Paulo Zona Sul, São Paulo",8.500
sul,75 m² construídos3 quartos,"Vila Sofia, São Paulo Zona Sul, São Paulo",2.113
sul,182 m² construídos4 quartos,"Alameda Dos Aicás, Indianópolis, São Paulo Zona Sul, São Paulo",10.000
sul,52 m² construídos1 quarto,"Rua Doutor Guilherme Bannitz, Itaim Bibi, São Paulo Zona Sul, São Paulo",5.500
sul,30 m² construídos1 quarto,"Mirandópolis, São Paulo Zona Sul, São Paulo",2.800
sul,77 m² construídos2 quartos,"Brooklin Paulista, São Paulo Zona Sul, São Paulo",4.850
sul,132 m² construídos2 quartos,"Brooklin Paulista, São Paulo Zona Sul, São Paulo",11.550
sul,80 m² construídos2 quartos,"Santo Amaro, São Paulo Zona Sul, São Paulo",3.200
sul,70 m² construídos2 quartos,"Nova Piraju, São Paulo Zona Sul, São Paulo",3.100
sul,222 m² construídos4 quartos,"Vila Mariana, São Paulo Zona Sul, São Paulo",18.500
sul,116 m² construídos3 quartos,"Brooklin Paulista, São Paulo Zona Sul, São Paulo",6.890
sul,55 m² construídos2 quartos,"Campo Belo, São Paulo Zona Sul, São Paulo",3.000
sul,300 m² construídos4 quartos,"Planalto Paulista, São Paulo Zona Sul, São Paulo",35.000
sul,44 m² construídos1 quarto,"Brooklin Paulista, São Paulo Zona Sul, São Paulo",3.300
sul,82 m² construídos2 quartos,"Vila Guarani (z Sul), São Paulo Zona Sul, São Paulo",1.800
sul,141 m² construídos3 quartos,"Paraíso, São Paulo Zona Sul, São Paulo",3.800
sul,45 m² construídos1 quarto,"Brooklin Paulista, São Paulo Zona Sul, São Paulo",3.200
sul,226 m² construídos4 quartos,"Vila Nova Conceição, São Paulo Zona Sul, São Paulo",22.000
sul,230 m² construídos3 quartos,"Jardim Paulista, São Paulo Zona Sul, São Paulo",3.750.000
sul,90 m² construídos3 quartos,"Rua Napoleão De Barros, Vila Clementino, São Paulo Zona Sul, São Paulo",3.000
sul,188 m² construídos3 quartos,"Rua Itacema, Itaim Bibi, São Paulo Zona Sul, São Paulo",7.700
sul,105 m² construídos2 quartos,"Rua Leopoldo Couto De Magalhães Júnior, Itaim Bibi, São Paulo Zona Sul, São Paulo",13.799
sul,47 m² construídos1 quarto,"Jardim Santo Amaro, São Paulo Zona Sul, São Paulo",3.000
sul,70 m² construídos2 quartos,"Vila Gertrudes, São Paulo Zona Sul, São Paulo",4.600
sul,188 m² construídos3 quartos,"Itaim Bibi, São Paulo Zona Sul, São Paulo",7.700
sul,51 m² construídos1 quarto,"Brooklin Paulista, São Paulo Zona Sul, São Paulo",4.600
sul,62 m² construídos2 quartos,"Vila Nova Conceição, São Paulo Zona Sul, São Paulo",5.000
sul,147 m² construídos3 quartos,"Vila Gertrudes, São Paulo Zona Sul, São Paulo",9.980
sul,110 m² construídos3 quartos,"Jardim Paulista, São Paulo Zona Sul, São Paulo",4.000
sul,52 m² construídos1 quarto,"Brooklin Paulista, São Paulo Zona Sul, São Paulo",3.500
sul,100 m² construídos3 quartos,"Jardim Das Acácias, São Paulo Zona Sul, São Paulo",4.000
sul,124 m² construídos3 quartos,"Brooklin Paulista, São Paulo Zona Sul, São Paulo",5.000
sul,241 m² construídos3 quartos,"Chácara Santo Antônio, São Paulo Zona Sul, São Paulo",12.000
sul,57 m² construídos2 quartos,"Paraíso Do Morumbi, São Paulo Zona Sul, São Paulo",2.000
sul,163 m² construídos4 quartos,"Avenida Portugal, Brooklin Paulista, São Paulo Zona Sul, São Paulo",6.500
sul,81 m² construídos2 quartos,"Itaim Bibi, São Paulo Zona Sul, São Paulo",4.100
sul,28 m² construídos1 quarto,"Jardim Paulista, São Paulo Zona Sul, São Paulo",3.693
sul,67 m² construídos1 quarto,"Brooklin Paulista, São Paulo Zona Sul, São Paulo",4.500
sul,48 m² construídos1 quarto,"Vila Gertrudes, São Paulo Zona Sul, São Paulo",4.200
sul,100 m² construídos3 quartos,"Avenida Miruna, Indianópolis, São Paulo Zona Sul, São Paulo",3.690
sul,121 m² construídos1 quarto,"Jardim Paulista, São Paulo Zona Sul, São Paulo",10.000
sul,104 m² construídos2 quartos,"Vila Nova Conceição, São Paulo Zona Sul, São Paulo",11.500
sul,157 m² construídos3 quartos,"Rua Manuel Da Nóbrega, Paraíso, São Paulo Zona Sul, São Paulo",5.200
sul,200 m² construídos3 quartos,"Avenida 11 De Junho, Vila Clementino, São Paulo Zona Sul, São Paulo",3.000
sul,60 m² construídos1 quarto,"Rua Benedito Lapin, Itaim Bibi, São Paulo Zona Sul, São Paulo",5.500
sul,240 m² construídos4 quartos,"Brooklin Paulista, São Paulo Zona Sul, São Paulo",18.500
sul,183 m² construídos3 quartos,"Brooklin Paulista, São Paulo Zona Sul, São Paulo",15.800
sul,34 m² construídos1 quarto,"Rua Dois De Julho, Ipiranga, São Paulo Zona Sul, São Paulo",2.600
sul,38 m² construídos1 quarto,"Avenida Onze De Junho, Vila Clementino, São Paulo Zona Sul, São Paulo",2.200
sul,93 m² construídos2 quartos,"Avenida Giovanni Gronchi, Vila Andrade, São Paulo Zona Sul, São Paulo",2.200
sul,62 m² construídos2 quartos,"Rua Miguel Yunes, Usina Piratininga, São Paulo Zona Sul, São Paulo",2.775
sul,34 m² construídos1 quarto,"Avenida Onze De Junho, Vila Clementino, São Paulo Zona Sul, São Paulo",1.900
sul,76 m² construídos2 quartos,"Jardim Paulista, São Paulo Zona Sul, São Paulo",4.500
sul,180 m² construídos4 quartos,"Vila Gertrudes, São Paulo Zona Sul, São Paulo",17.800
sul,333 m² construídos4 quartos,"Paraíso, São Paulo Zona Sul, São Paulo",12.000
sul,92 m² construídos3 quartos,"Jardim Petrópolis, São Paulo Zona Sul, São Paulo",2.200
sul,97 m² construídos3 quartos,"Rua Mirassol, Vila Clementino, São Paulo Zona Sul, São Paulo",2.800
sul,58 m² construídos2 quartos,"Rua Ilíria, Vila Moinho Velho, São Paulo Zona Sul, São Paulo",1.800
sul,232 m² construídos3 quartos,"Itaim Bibi, São Paulo Zona Sul, São Paulo",5.500
sul,120 m² construídos3 quartos,"Bosque Da Saúde, São Paulo Zona Sul, São Paulo",5.300
sul,232 m² construídos3 quartos,"Rua Tatuí, Jardim Paulista, São Paulo Zona Sul, São Paulo",6.000
sul,90 m² construídos2 quartos,"Itaim Bibi, São Paulo Zona Sul, São Paulo",5.700
sul,166 m² construídos3 quartos,"Vila Nova Conceição, São Paulo Zona Sul, São Paulo",20.000
sul,46 m² construídos1 quarto,"Jardim Paulista, São Paulo Zona Sul, São Paulo",2.120
sul,71 m² construídos2 quartos,"Alameda Franca, Jardim Paulista, São Paulo Zona Sul, São Paulo",5.200
sul,168 m² construídos3 quartos,"Alameda Lorena, Jardim Paulista, São Paulo Zona Sul, São Paulo",7.800
sul,40 m² construídos1 quarto,"Brooklin Paulista, São Paulo Zona Sul, São Paulo",3.500
sul,86 m² construídos3 quartos,"Rua Marcos Lopes, Vila Nova Conceição, São Paulo Zona Sul, São Paulo",6.300
sul,38 m² construídos1 quarto,"Avenida Onze De Junho, Vila Clementino, São Paulo Zona Sul, São Paulo",1.600
sul,140 m² construídos3 quartos,"Santo Amaro, São Paulo Zona Sul, São Paulo",6.740
sul,155 m² construídos3 quartos,"Campo Belo, São Paulo Zona Sul, São Paulo",5.000
sul,110 m² construídos2 quartos,"Vila Olímpia, São Paulo Zona Sul, São Paulo",6.500
sul,44 m² construídos1 quarto,"Vila Olímpia, São Paulo Zona Sul, São Paulo",5.500
sul,51 m² construídos1 quarto,"Vila Gertrudes, São Paulo Zona Sul, São Paulo",3.500
sul,66 m² construídos2 quartos,"Rua Calixto Da Mota, Vila Mariana, São Paulo Zona Sul, São Paulo",5.000
sul,104 m² construídos1 quarto,"Vila Nova Conceição, São Paulo Zona Sul, São Paulo",10.900
sul,220 m² construídos3 quartos,"Campo Belo, São Paulo Zona Sul, São Paulo",15.000
sul,170 m² construídos3 quartos,"Itaim Bibi, São Paulo Zona Sul, São Paulo",7.500
sul,35 m² construídos1 quarto,"Cerqueira César, São Paulo Zona Sul, São Paulo",5.435
sul,95 m² construídos3 quartos,"Rua Princesa Isabel, Brooklin Paulista, São Paulo Zona Sul, São Paulo",3.500
sul,379 m² construídos4 quartos,"Rua Gomes De Carvalho, Vila Olímpia, São Paulo Zona Sul, São Paulo",48.000
sul,55 m² construídos1 quarto,"Brooklin Paulista, São Paulo Zona Sul, São Paulo",3.500
sul,98 m² construídos2 quartos,"Itaim Bibi, São Paulo Zona Sul, São Paulo",5.128
sul,60 m² construídos2 quartos,"Vila Olímpia, São Paulo Zona Sul, São Paulo",5.500
sul,57 m² construídos1 quarto,"Rua Apeninos, Aclimação, São Paulo Zona Sul, São Paulo",2.000
sul,80 m² construídos2 quartos,"Rua Acarapé, Chácara Inglesa, São Paulo Zona Sul, São Paulo",2.500
sul,68 m² construídos1 quarto,"Vila Olímpia, São Paulo Zona Sul, São Paulo",5.500
sul,81 m² construídos2 quartos,"Vila Olímpia, São Paulo Zona Sul, São Paulo",6.330
sul,40 m² construídos1 quarto,"Vila Brasílio Machado, São Paulo Zona Sul, São Paulo",1.300
sul,89 m² construídos2 quartos,"Planalto Paulista, São Paulo Zona Sul, São Paulo",2.200
sul,76 m² construídos2 quartos,"Moema, São Paulo Zona Sul, São Paulo",5.000
sul,53 m² construídos2 quartos,"Rua Primeiro De Janeiro, Vila Clementino, São Paulo Zona Sul, São Paulo",1.800
sul,72 m² construídos2 quartos,"Moema, São Paulo Zona Sul, São Paulo",5.500
sul,35 m² construídos1 quarto,"Coronel Joaquim Ferreira Lôbo, Vila Nova Conceição, São Paulo Zona Sul, São Paulo",4.200
sul,157 m² construídos3 quartos,"Rua Manuel Da Nóbrega, Paraíso, São Paulo Zona Sul, São Paulo",5.500
sul,90 m² construídos2 quartos,"Rua Eça De Queiróz, Vila Mariana, São Paulo Zona Sul, São Paulo",2.500
sul,240 m² construídos4 quartos,"Planalto Paulista, São Paulo Zona Sul, São Paulo",12.000
sul,120 m² construídos2 quartos,"Itaim Bibi, São Paulo Zona Sul, São Paulo",11.000
sul,53 m² construídos2 quartos,"Vila Santa Catarina, São Paulo Zona Sul, São Paulo",3.000
sul,65 m² construídos3 quartos,"Vila Santa Catarina, São Paulo Zona Sul, São Paulo",3.000
leste,113 m² construídos3 quartos,"Chácara Santo Antônio (zona Leste), São Paulo Zona Leste, São Paulo",4.000
leste,56 m² construídos2 quartos,"Rua Barão De Monte Santo, 1619, Moóca, São Paulo Zona Leste, São Paulo",1.700
leste,43 m² construídos2 quartos,"Quinta Da Paineira, São Paulo Zona Leste, São Paulo",1.800
leste,36 m² construídos2 quartos,"Rua Wenceslau Guimarães, Parque Císper, São Paulo Zona Leste, São Paulo",1.300
leste,45 m² construídos2 quartos,"Jardim Dona Sinhá, São Paulo Zona Leste, São Paulo",1.200
leste,55 m² construídos2 quartos,"Rua Peixoto, Vila Buenos Aires, São Paulo Zona Leste, São Paulo",1.365
leste,60 m² construídos3 quartos,"Cidade Patriarca, São Paulo Zona Leste, São Paulo",1.450
leste,50 m² construídos2 quartos,"Jardim São Cristóvão, São Paulo Zona Leste, São Paulo",1.500
leste,56 m² construídos2 quartos,"Jardim Artur Alvim, São Paulo Zona Leste, São Paulo",1.100
leste,52 m² construídos2 quartos,"Cidade Patriarca, São Paulo Zona Leste, São Paulo",1.500
leste,52 m² construídos2 quartos,"Rua Oscar Mariano Da Silva, Vila Robertina, São Paulo Zona Leste, São Paulo",1.650
leste,70 m² construídos2 quartos,"Vila Regente Feijó, São Paulo Zona Leste, São Paulo",4.500
leste,75 m² construídos3 quartos,"Vila Prudente, São Paulo Zona Leste, São Paulo",2.200
leste,60 m² construídos2 quartos,"Vila Prudente, São Paulo Zona Leste, São Paulo",2.350
leste,50 m² construídos2 quartos,"Rua Maria Angélica Soares Gomes, Jardim Matarazzo, São Paulo Zona Leste, São Paulo",1.450
leste,72 m² construídos3 quartos,"Vila Prudente, São Paulo Zona Leste, São Paulo",1.400
leste,92 m² construídos3 quartos,"Vila Gomes Cardim, São Paulo Zona Leste, São Paulo",4.500
leste,28 m² construídos1 quarto,"Vila Prudente, São Paulo Zona Leste, São Paulo",1.100
leste,65 m² construídos2 quartos,"Vila Divina Pastora, São Paulo Zona Leste, São Paulo",1.350
leste,59 m² construídos2 quartos,"Chácara Califórnia, São Paulo Zona Leste, São Paulo",2.000
leste,50 m² construídos2 quartos,"Jardim Silva Teles, São Paulo Zona Leste, São Paulo",1.100
leste,100 m² construídos2 quartos,"Moóca, São Paulo Zona Leste, São Paulo",1.700
leste,43 m² construídos2 quartos,"Rua Tomoichi Shimizu, Colônia (zona Leste), São Paulo Zona Leste, São Paulo",1.053
leste,55 m² construídos2 quartos,"Penha De Franca, São Paulo Zona Leste, São Paulo",1.250
leste,50 m² construídos2 quartos,"Jardim Silva Teles, São Paulo Zona Leste, São Paulo",1.100
leste,44 m² construídos2 quartos,"Rua Sapupira, Jardim Pedro José Nunes, São Paulo Zona Leste, São Paulo",1.000
leste,40 m² construídos1 quarto,"Rua Janguruçu, Parque Da Mooca, São Paulo Zona Leste, São Paulo",1.900
leste,45 m² construídos2 quartos,"Chácara Mafalda, São Paulo Zona Leste, São Paulo",1.300
leste,40 m² construídos2 quartos,"Chácara Santo Antônio (zona Leste), São Paulo Zona Leste, São Paulo",1.400
leste,75 m² construídos1 quarto,"Vila Divina Pastora, São Paulo Zona Leste, São Paulo",1.250
leste,40 m² construídos2 quartos,"Rua Tsutomu Henni, Vila Jacuí, São Paulo Zona Leste, São Paulo",1.600
leste,68 m² construídos2 quartos,"Vila Formosa, São Paulo Zona Leste, São Paulo",1.700
leste,56 m² construídos2 quartos,"Rua Ministro Salgado Filho, Vila Libanesa, São Paulo Zona Leste, São Paulo",2.600
leste,60 m² construídos2 quartos,"Rua Marechal Barbacena,
                1011, Vila Regente Feijó, São Paulo Zona Leste, São Paulo",1.500
leste,60 m² construídos2 quartos,"Rua Manuel Leiroz, Vila Penteado, São Paulo Zona Leste, São Paulo",1.900
leste,56 m² construídos2 quartos,"Quinta Da Paineira, São Paulo Zona Leste, São Paulo",2.100
leste,40 m² construídos2 quartos,"Rua Juá Mirim, Jardim Pedra Branca, São Paulo Zona Leste, São Paulo",950
leste,50 m² construídos2 quartos,"Moóca, São Paulo Zona Leste, São Paulo",1.600
leste,48 m² construídos2 quartos,"Rua Intendência, 344 - Belenzinho, São Paulo - Sp, Brasil, Belenzinho, São Paulo Zona Leste, São Paulo",1.950
leste,55 m² construídos3 quartos,"Rua Nolina, 52 - Vila Cosmopolita, São Paulo - Sp, Brasil, Vila Cosmopolita, São Paulo Zona Leste, São Paulo",1.250
leste,32 m² construídos2 quartos,"Vila Santa Teresa (zona Leste), São Paulo Zona Leste, São Paulo",1.000
leste,58 m² construídos2 quartos,"Rua Angá - Vila Formosa, São Paulo - Sp, Brasil, Vila Formosa, São Paulo Zona Leste, São Paulo",2.000
leste,97 m² construídos3 quartos,"Rua Icaraí 222, Tatuapé, São Paulo Zona Leste, São Paulo",2.600
leste,70 m² construídos2 quartos,"Rua Dona Maria De Camargo, Itaquera, São Paulo Zona Leste, São Paulo",1.100
leste,65 m² construídos3 quartos,"Jardim Santa Terezinha (zona Leste), São Paulo Zona Leste, São Paulo",1.600
leste,54 m² construídos2 quartos,"R Francisco Marengo, Tatuapé, São Paulo Zona Leste, São Paulo",1.700
leste,50 m² construídos2 quartos,"Cidade Líder, São Paulo Zona Leste, São Paulo",1.550
leste,93 m² construídos3 quartos,"Vila Carrão, São Paulo Zona Leste, São Paulo",2.200
leste,233 m² construídos3 quartos,"Rua Coelho Lisboa - Cidade Mãe Do Céu, São Paulo - Sp, Brasil, Tatuapé, São Paulo Zona Leste, São Paulo",12.000
leste,56 m² totais2 quartos,"Domingos Rubino, Conjunto Residencial José Bonifácio, São Paulo Zona Leste, São Paulo",975
leste,77 m² construídos2 quartos,"Chácara Seis De Outubro, São Paulo Zona Leste, São Paulo",3.300
leste,75 m² construídos3 quartos,"Vila Regente Feijó, São Paulo Zona Leste, São Paulo",2.400
leste,30 m² construídos1 quarto,"Parque Císper, São Paulo Zona Leste, São Paulo",550
leste,45 m² construídos2 quartos,"Vila Gomes Cardim, São Paulo Zona Leste, São Paulo",1.881
leste,48 m² totais2 quartos,"Bartolomeu Ferrari, Conjunto Residencial José Bonifácio, São Paulo Zona Leste, São Paulo",955
leste,80 m² construídos3 quartos,"Chácara Santo Antônio (zona Leste), São Paulo Zona Leste, São Paulo",2.100
leste,53 m² construídos1 quarto,"Rua Belém - Belenzinho, São Paulo - Sp, Brasil, Belenzinho, São Paulo Zona Leste, São Paulo",1.000
leste,48 m² construídos2 quartos,"Rua Bernardino Prudenti, Conjunto Residencial José Bonifácio, São Paulo Zona Leste, São Paulo",1.105
leste,45 m² construídos1 quarto,"Vila Princesa Isabel, São Paulo Zona Leste, São Paulo",1.300
leste,44 m² construídos2 quartos,"Vila Nhocune, São Paulo Zona Leste, São Paulo",1.300
leste,60 m² construídos2 quartos,"Moóca, São Paulo Zona Leste, São Paulo",2.200
leste,40 m² construídos2 quartos,"Rua Picinguaba - Vila Santa Isabel, São Paulo - Sp, Brasil, Vila Carrão, São Paulo Zona Leste, São Paulo",1.300
leste,72 m² construídos3 quartos,"R Torquato Tasso, Vila Prudente, São Paulo Zona Leste, São Paulo",1.800
leste,190 m² construídos3 quartos,"Rua Sete De Outubro, 260 - Chácara Califórnia, São Paulo - Sp, Brasil, Chácara Califórnia, São Paulo Zona Leste, São Paulo",11.900
leste,150 m² construídos2 quartos,"R Santo Afonso, Penha De Franca, São Paulo Zona Leste, São Paulo",4.500
leste,37 m² construídos1 quarto,"Chácara Califórnia, São Paulo Zona Leste, São Paulo",1.380
leste,42 m² construídos2 quartos,"Rua Baía De Japerica, 107 - Jardim Etelvina, São Paulo - Sp, Brasil, Jardim Etelvina, São Paulo Zona Leste, São Paulo",785
leste,48 m² totais2 quartos,"Inácio  Jacometti, Conjunto Residencial José Bonifácio, São Paulo Zona Leste, São Paulo",970
leste,56 m² construídos2 quartos,"Cristovao Salamanca, Conjunto Residencial José Bonifácio, São Paulo Zona Leste, São Paulo",1.105
leste,42 m² construídos2 quartos,"Parque Boturussu, São Paulo Zona Leste, São Paulo",1.500
leste,69 m² construídos3 quartos,"Rua Pedro Malaquias, Vila Carrão, São Paulo Zona Leste, São Paulo",1.700
leste,42 m² construídos2 quartos,"Rua Tomoichi Shimizu, Colônia (zona Leste), São Paulo Zona Leste, São Paulo",800
leste,30 m² construídos2 quartos,"Avenida Álvaro Ramos, Quarta Parada, São Paulo Zona Leste, São Paulo",1.300
leste,58 m² construídos2 quartos,"Rua Mercedes Lopes, 520 - Vila Santana, São Paulo - Sp, Brasil, Vila Santana, São Paulo Zona Leste, São Paulo",2.000
leste,50 m² construídos2 quartos,"Avenida Conselheiro Carrão, 830 - Chácara Califórnia, São Paulo - Sp, Brasil, Chácara Califórnia, São Paulo Zona Leste, São Paulo",1.100
leste,75 m² construídos2 quartos,"Rua Catrimani, 250 - Cidade Patriarca, São Paulo - Sp, Brasil, Cidade Patriarca, São Paulo Zona Leste, São Paulo",1.650
leste,68 m² totais2 quartos,"Sítio Da Figueira, São Paulo Zona Leste, São Paulo",2.350
leste,50 m² construídos2 quartos,"Avenida Mendonça Drumond, Jardim Maringá, São Paulo Zona Leste, São Paulo",1.500
leste,47 m² construídos2 quartos,"Rua Da Economia, Vila Nova Savoia, São Paulo Zona Leste, São Paulo",1.800
leste,50 m² construídos2 quartos,"Rua João Marchiori, Cidade Patriarca, São Paulo Zona Leste, São Paulo",2.200
leste,46 m² construídos1 quarto,"Rua Marechal Barbacena - Vila Regente Feijó, São Paulo - Sp, Brasil, Anália Franco, São Paulo Zona Leste, São Paulo",1.400
leste,50 m² construídos2 quartos,"Vila Dalila, São Paulo Zona Leste, São Paulo",1.100
leste,38 m² construídos2 quartos,"Rua Professor José Vieira De Morais - Vila Ré, São Paulo - Sp, Brasil, Vila Ré, São Paulo Zona Leste, São Paulo",1.872
leste,38 m² totais2 quartos,"Vila Dalila, São Paulo Zona Leste, São Paulo",1.200
leste,38 m² construídos1 quarto,"Rua Professor José Vieira De Morais - Vila Ré, São Paulo - Sp, Brasil, Vila Ré, São Paulo Zona Leste, São Paulo",1.722
leste,40 m² construídos1 quarto,"Rua Guarapuava, 290 - Mooca, São Paulo - Sp, Brasil, Moóca, São Paulo Zona Leste, São Paulo",2.300
leste,62 m² construídos2 quartos,"Penha De Franca, São Paulo Zona Leste, São Paulo",1.550
leste,86 m² construídos3 quartos,"Chácara Santo Antônio (zona Leste), São Paulo Zona Leste, São Paulo",2.300
leste,57 m² construídos2 quartos,"Vila Moreira, São Paulo Zona Leste, São Paulo",2.100
leste,80 m² construídos2 quartos,"Chácara Califórnia, São Paulo Zona Leste, São Paulo",1.800
leste,51 m² construídos2 quartos,"Rua Guido Bonici, Jardim Belém, São Paulo Zona Leste, São Paulo",1.600
leste,40 m² construídos2 quartos,"Cidade Líder, São Paulo Zona Leste, São Paulo",1.090
leste,69 m² construídos3 quartos,"Moóca, São Paulo Zona Leste, São Paulo",1.900
leste,55 m² construídos2 quartos,"Cangaíba, São Paulo Zona Leste, São Paulo",1.400
leste,65 m² construídos2 quartos,"Rua Henrique Casela, Jardim América Da Penha, São Paulo Zona Leste, São Paulo",2.620
leste,24 m² construídos1 quarto,"Cidade Satélite Santa Bárbara, São Paulo Zona Leste, São Paulo",1.000
leste,60 m² construídos2 quartos,"Rua Ulisses Cruz - Tatuapé, São Paulo - Sp, Brasil, Tatuapé, São Paulo Zona Leste, São Paulo",1.600
leste,29 m² construídos1 quarto,"Bispo Eugenio Damazemod 388, Vila Alpina, São Paulo Zona Leste, São Paulo",1.100
leste,50 m² construídos2 quartos,"Rua Bispo Eugenio Damazemod 388, Vila Alpina, São Paulo Zona Leste, São Paulo",1.400
leste,45 m² construídos2 quartos,"Avenida Francisco Falconi - Jardim Avelino, São Paulo - Sp, Brasil, Jardim Avelino, São Paulo Zona Leste, São Paulo",1.200
leste,45 m² construídos2 quartos,"Francisco Falconi 0, Jardim Avelino, São Paulo Zona Leste, São Paulo",1.200
leste,105 m² construídos3 quartos,"Rua Padre Mário Fontana, Parque Da Mooca, São Paulo Zona Leste, São Paulo",5.000
leste,91 m² construídos3 quartos,"Vila Gomes Cardim, São Paulo Zona Leste, São Paulo",4.500
leste,51 m² construídos1 quarto,"Rua Zacarias De Gois, Parque Colonial, São Paulo Zona Leste, São Paulo",4.000
leste,60 m² construídos2 quartos,"Rua Manuel Leiroz, Vila Penteado, São Paulo Zona Leste, São Paulo",1.800
leste,276 m² construídos3 quartos,"Jardim Avelino, São Paulo Zona Leste, São Paulo",4.700
leste,92 m² construídos3 quartos,"Vila Gomes Cardim, São Paulo Zona Leste, São Paulo",4.500
leste,51 m² construídos1 quarto,"Jardim São Cristóvão, São Paulo Zona Leste, São Paulo",2.400
leste,106 m² construídos3 quartos,"Moóca, São Paulo Zona Leste, São Paulo",4.100
leste,40 m² construídos1 quarto,"Rua Coronel Carlos Oliva, Tatuapé, São Paulo Zona Leste, São Paulo",1.600
leste,55 m² construídos2 quartos,"Vila Ema, São Paulo Zona Leste, São Paulo",1.600
leste,113 m² construídos3 quartos,"Chácara Santo Antônio (zona Leste), São Paulo Zona Leste, São Paulo",4.000
leste,90 m² construídos2 quartos,"Parque Colonial, São Paulo Zona Leste, São Paulo",40.000
leste,105 m² construídos3 quartos,"Rua Padre Mário Fontana, Parque Da Mooca, São Paulo Zona Leste, São Paulo",5.000
leste,50 m² construídos2 quartos,"Conjunto Habitacional Teotonio Vilela, São Paulo Zona Leste, São Paulo",1.100
leste,38 m² construídos1 quarto,"Parque Paineiras, São Paulo Zona Leste, São Paulo",1.100
leste,28 m² construídos1 quarto,"Rua Ulisses Cruz, Tatuapé, São Paulo Zona Leste, São Paulo",1.200
leste,48 m² construídos2 quartos,"Vila Prudente, São Paulo Zona Leste, São Paulo",2.000
leste,50 m² construídos2 quartos,"Rua Professor Hasegawa, Colônia (zona Leste), São Paulo Zona Leste, São Paulo",1.100
leste,36 m² construídos1 quarto,"Rua Capitão Pacheco E Chaves, Vila Prudente, São Paulo Zona Leste, São Paulo",1.200
leste,50 m² construídos2 quartos,"Colônia (zona Leste), São Paulo Zona Leste, São Paulo",1.100
leste,35 m² construídos1 quarto,"Vila Carmosina, São Paulo Zona Leste, São Paulo",950
leste,70 m² construídos3 quartos,"Rua André Vidal, Tatuapé, São Paulo Zona Leste, São Paulo",2.100
leste,55 m² construídos1 quarto,"Rua Marechal Barbacena, Vila Regente Feijó, São Paulo Zona Leste, São Paulo",3.200
leste,58 m² construídos2 quartos,"Tatuapé, São Paulo Zona Leste, São Paulo",1.800
leste,50 m² construídos1 quarto,"Tatuapé, São Paulo Zona Leste, São Paulo",1.600
leste,38 m² construídos2 quartos,"Rua José Oiticica Filho, Itaquera, São Paulo Zona Leste, São Paulo",1.500
leste,62 m² construídos2 quartos,"Vila Carrão, São Paulo Zona Leste, São Paulo",1.600
leste,120 m² construídos3 quartos,"Moóca, São Paulo Zona Leste, São Paulo",3.500
leste,50 m² construídos2 quartos,"Rua Padre Benedito Maria Cardoso, Moóca, São Paulo Zona Leste, São Paulo",1.500
leste,24 m² construídos1 quarto,"Rua Fernando Dondon, Tatuapé, São Paulo Zona Leste, São Paulo",1.600
leste,56 m² construídos2 quartos,"Rua Rio Imburana, Itaquera, São Paulo Zona Leste, São Paulo",1.000
leste,85 m² construídos3 quartos,"Rua Apucarana, Tatuapé, São Paulo Zona Leste, São Paulo",2.500
leste,76 m² construídos3 quartos,"Vila Prudente, São Paulo Zona Leste, São Paulo",1.980
leste,50 m² construídos2 quartos,"Vila Prudente, São Paulo Zona Leste, São Paulo",2.000
leste,50 m² construídos2 quartos,"Moóca, São Paulo Zona Leste, São Paulo",1.500
leste,89 m² construídos3 quartos,"Moóca, São Paulo Zona Leste, São Paulo",2.950
leste,52 m² construídos2 quartos,"Chácara Cruzeiro Do Sul, São Paulo Zona Leste, São Paulo",1.350
leste,180 m² construídos3 quartos,"Moóca, São Paulo Zona Leste, São Paulo",4.500
leste,39 m² construídos1 quarto,"Rua Vilela, Tatuapé, São Paulo Zona Leste, São Paulo",1.500
leste,40 m² construídos1 quarto,"Rua Serra De Bragança, Vila Gomes Cardim, São Paulo Zona Leste, São Paulo",1.450
leste,72 m² construídos3 quartos,"Rua Manuel Leiroz, Vila Penteado, São Paulo Zona Leste, São Paulo",2.300
leste,55 m² construídos3 quartos,"Jardim Santa Terezinha (zona Leste), São Paulo Zona Leste, São Paulo",1.400
leste,100 m² construídos3 quartos,"Parque Da Mooca, São Paulo Zona Leste, São Paulo",3.700
leste,77 m² construídos2 quartos,"Parque Da Vila Prudente, São Paulo Zona Leste, São Paulo",2.600
leste,48 m² construídos2 quartos,"Parque Da Vila Prudente, São Paulo Zona Leste, São Paulo",1.800
leste,54 m² construídos2 quartos,"Moóca, São Paulo Zona Leste, São Paulo",1.780
leste,53 m² construídos2 quartos,"Vila Santa Isabel, São Paulo Zona Leste, São Paulo",1.600
leste,102 m² construídos3 quartos,"Rua Vilela, Tatuapé, São Paulo Zona Leste, São Paulo",3.000
leste,48 m² construídos2 quartos,"Rua Vilela, Tatuapé, São Paulo Zona Leste, São Paulo",1.600
leste,60 m² construídos2 quartos,"Rua Manuel Leiroz, Vila Penteado, São Paulo Zona Leste, São Paulo",2.000
leste,70 m² construídos2 quartos,"Rua Sete De Outubro, Chácara Califórnia, São Paulo Zona Leste, São Paulo",1.800
leste,64 m² construídos1 quarto,"Vila Formosa, São Paulo Zona Leste, São Paulo",2.900
leste,39 m² construídos1 quarto,"Rua Vilela, Tatuapé, São Paulo Zona Leste, São Paulo",1.600
leste,36 m² construídos1 quarto,"Rua Capitão Pacheco E Chaves, Vila Prudente, São Paulo Zona Leste, São Paulo",1.300
leste,92 m² construídos3 quartos,"Vila Gomes Cardim, São Paulo Zona Leste, São Paulo",3.000
leste,105 m² construídos3 quartos,"Parque Da Mooca, São Paulo Zona Leste, São Paulo",4.900
leste,105 m² construídos3 quartos,"Parque Da Mooca, São Paulo Zona Leste, São Paulo",5.000
leste,142 m² construídos3 quartos,"Moóca, São Paulo Zona Leste, São Paulo",5.000
leste,167 m² construídos3 quartos,"Parque Da Mooca, São Paulo Zona Leste, São Paulo",4.500
leste,70 m² construídos2 quartos,"Moóca, São Paulo Zona Leste, São Paulo",2.300
leste,200 m² construídos4 quartos,"Rua Eunice Weaver, Jardim Anália Franco, São Paulo Zona Leste, São Paulo",16.000
leste,125 m² construídos3 quartos,"Rua Filhas Do Sagrado Coração, Vila Formosa, São Paulo Zona Leste, São Paulo",2.500
leste,60 m² construídos2 quartos,"Cidade Líder, São Paulo Zona Leste, São Paulo",1.300
leste,45 m² construídos2 quartos,"Vila Gomes Cardim, São Paulo Zona Leste, São Paulo",1.881
leste,77 m² construídos3 quartos,"Alto Da Mooca, São Paulo Zona Leste, São Paulo",4.000
leste,45 m² construídos2 quartos,"Vila Carmosina, São Paulo Zona Leste, São Paulo",1.200
leste,92 m² construídos3 quartos,"Moóca, São Paulo Zona Leste, São Paulo",3.500
leste,241 m² construídos3 quartos,"Rua Eleonora Cintra, Jardim Anália Franco, São Paulo Zona Leste, São Paulo",20.000
leste,72 m² construídos3 quartos,"Rua Serra Do Japi, Vila Gomes Cardim, São Paulo Zona Leste, São Paulo",3.200
leste,72 m² construídos3 quartos,"Rua Serra Do Japi, Vila Gomes Cardim, São Paulo Zona Leste, São Paulo",3.200
leste,65 m² construídos2 quartos,"Vila Prudente, São Paulo Zona Leste, São Paulo",2.799
leste,105 m² construídos3 quartos,"Parque Da Mooca, São Paulo Zona Leste, São Paulo",5.000
leste,49 m² construídos2 quartos,"Moóca, São Paulo Zona Leste, São Paulo",2.600
leste,90 m² construídos3 quartos,"Vila Regente Feijó, São Paulo Zona Leste, São Paulo",2.500
leste,186 m² construídos3 quartos,"Rua Professor Pedreira De Freitas, Tatuapé, São Paulo Zona Leste, São Paulo",4.500
leste,165 m² construídos4 quartos,"Rua Itapura, Vila Gomes Cardim, São Paulo Zona Leste, São Paulo",5.500
leste,70 m² construídos2 quartos,"Avenida Paes De Barros, Parque Da Mooca, São Paulo Zona Leste, São Paulo",3.500
leste,355 m² construídos4 quartos,"Rua Eleonora Cintra, Jardim Anália Franco, São Paulo Zona Leste, São Paulo",15.000
leste,82 m² construídos1 quarto,"Avenida Presidente Juscelino Kubitschek, Alto Da Mooca, São Paulo Zona Leste, São Paulo",10.200
leste,49 m² construídos2 quartos,"Vila Ema, São Paulo Zona Leste, São Paulo",1.800
leste,49 m² construídos2 quartos,"Jardim Santa Terezinha (zona Leste), São Paulo Zona Leste, São Paulo",1.495
leste,60 m² construídos2 quartos,"Parque Tomas Saraiva, São Paulo Zona Leste, São Paulo",1.400
leste,45 m² construídos1 quarto,"Jardim Das Camélias, São Paulo Zona Leste, São Paulo",2.000
leste,64 m² construídos3 quartos,"Jardim Ângela (zona Leste), São Paulo Zona Leste, São Paulo",2.500
leste,47 m² construídos2 quartos,"Vila Carmosina, São Paulo Zona Leste, São Paulo",1.500
leste,233 m² construídos3 quartos,"Cidade Mãe Do Ceu, São Paulo Zona Leste, São Paulo",12.000
leste,60 m² construídos2 quartos,"Jardim Vila Formosa, São Paulo Zona Leste, São Paulo",1.550
leste,87 m² construídos3 quartos,"Moóca, São Paulo Zona Leste, São Paulo",2.950
leste,176 m² construídos3 quartos,"Rua Luiz Dos Santos Cabral, 55, Jardim Anália Franco, São Paulo Zona Leste, São Paulo",10.500
leste,85 m² construídos3 quartos,"Tatuapé, São Paulo Zona Leste, São Paulo",1.350
leste,74 m² construídos2 quartos,"Vila Gomes Cardim, São Paulo Zona Leste, São Paulo",2.200
leste,89 m² construídos3 quartos,"Vila Gomes Cardim, São Paulo Zona Leste, São Paulo",5.500
leste,50 m² construídos1 quarto,"Vila Gomes Cardim, São Paulo Zona Leste, São Paulo",3.000
leste,77 m² construídos3 quartos,"Rua Dona Tecla, Moóca, São Paulo Zona Leste, São Paulo",2.300
leste,65 m² construídos2 quartos,"Penha De Franca, São Paulo Zona Leste, São Paulo",1.800
leste,50 m² construídos1 quarto,"Vila Gomes Cardim, São Paulo Zona Leste, São Paulo",3.000
leste,35 m² construídos1 quarto,"Vila Carolina, São Paulo Zona Leste, São Paulo",2.300
leste,45 m² construídos1 quarto,"Praça Barão De Itaqui, Vila Gomes Cardim, São Paulo Zona Leste, São Paulo",2.100
leste,60 m² construídos2 quartos,"Praça Barão De Itaqui, Vila Gomes Cardim, São Paulo Zona Leste, São Paulo",2.800
leste,67 m² construídos2 quartos,"Sítio Da Figueira, São Paulo Zona Leste, São Paulo",2.100
leste,47 m² construídos2 quartos,"Quinta Da Paineira, São Paulo Zona Leste, São Paulo",1.500
leste,44 m² construídos2 quartos,"Jardim Ângela (zona Leste), São Paulo Zona Leste, São Paulo",1.100
leste,60 m² construídos2 quartos,"Cidade Líder, São Paulo Zona Leste, São Paulo",1.200
leste,59 m² construídos2 quartos,"Chácara Califórnia, São Paulo Zona Leste, São Paulo",2.000
leste,50 m² construídos2 quartos,"Chácara Califórnia, São Paulo Zona Leste, São Paulo",1.850
leste,67 m² construídos2 quartos,"Vila Carrão, São Paulo Zona Leste, São Paulo",2.200
leste,105 m² construídos3 quartos,"Rua Padre Mário Fontana, Parque Da Mooca, São Paulo Zona Leste, São Paulo",5.500
leste,94 m² construídos3 quartos,"Rua Darnilo Martins Pereira, Vila Oratório, São Paulo Zona Leste, São Paulo",820.000
leste,48 m² construídos2 quartos,"Rua Vilela, Tatuapé, São Paulo Zona Leste, São Paulo",1.850
leste,58 m² construídos2 quartos,"Rua Vilela, Tatuapé, São Paulo Zona Leste, São Paulo",2.100
leste,47 m² construídos2 quartos,"Jardim Castelo, São Paulo Zona Leste, São Paulo",1.200
leste,50 m² construídos3 quartos,"Rua Morubixaba, Cidade Líder, São Paulo Zona Leste, São Paulo",1.500
leste,74 m² construídos2 quartos,"Rua Bom Sucesso, Cidade Mãe Do Ceu, São Paulo Zona Leste, São Paulo",3.700
leste,44 m² construídos2 quartos,"Estrada Itaquera-guaianazes,
                2001, Jardim Helena, São Paulo Zona Leste, São Paulo",1.350
leste,55 m² construídos2 quartos,"Vila Gomes Cardim, São Paulo Zona Leste, São Paulo",2.500
leste,48 m² construídos2 quartos,"Rua Crubixas,
                281,, Vila Araguaia, São Paulo Zona Leste, São Paulo",1.200
leste,66 m² construídos3 quartos,"Rua Cirino De Abreu,
                263, Guaiaúna, São Paulo Zona Leste, São Paulo",2.800
leste,52 m² construídos1 quarto,"Rua Marechal Barbacena, Vila Regente Feijó, São Paulo Zona Leste, São Paulo",3.900
leste,141 m² construídos3 quartos,"Rua Bento Gonçalves, Vila Regente Feijó, São Paulo Zona Leste, São Paulo",10.000
leste,283 m² construídos3 quartos,"Rua Antônio Fernandes De Abreu, Vila Gomes Cardim, São Paulo Zona Leste, São Paulo",30.000
leste,62 m² construídos2 quartos,"Rua Vilela, Tatuapé, São Paulo Zona Leste, São Paulo",3.000
leste,88 m² construídos3 quartos,"Rua Vilela, Tatuapé, São Paulo Zona Leste, São Paulo",2.800
leste,105 m² construídos3 quartos,"Rua Padre Mário Fontana, Parque Da Mooca, São Paulo Zona Leste, São Paulo",5.000
leste,80 m² construídos3 quartos,"Rua Jaboticabal, Vila Bertioga, São Paulo Zona Leste, São Paulo",2.650
leste,492 m² construídos4 quartos,"Moóca, São Paulo Zona Leste, São Paulo",6.500
leste,137 m² construídos3 quartos,"Rua Bom Jesus, Vila Regente Feijó, São Paulo Zona Leste, São Paulo",6.809
leste,72 m² construídos3 quartos,"Rua Manuel Leiroz, Vila Penteado, São Paulo Zona Leste, São Paulo",2.300
leste,42 m² construídos2 quartos,"Vila Antonieta, São Paulo Zona Leste, São Paulo",1.900
leste,105 m² construídos3 quartos,"Rua Padre Mário Fontana, Parque Da Mooca, São Paulo Zona Leste, São Paulo",5.000
leste,105 m² construídos3 quartos,"Rua Padre Mário Fontana, Parque Da Mooca, São Paulo Zona Leste, São Paulo",4.800
leste,79 m² construídos2 quartos,"Chácara Santo Antônio (zona Leste), São Paulo Zona Leste, São Paulo",2.600
leste,110 m² construídos3 quartos,"Vila Regente Feijó, São Paulo Zona Leste, São Paulo",3.000
leste,130 m² construídos3 quartos,"Jardim Avelino, São Paulo Zona Leste, São Paulo",4.300
leste,117 m² construídos3 quartos,"Chácara Santo Antônio (zona Leste), São Paulo Zona Leste, São Paulo",3.100
leste,129 m² construídos4 quartos,"Jardim Avelino, São Paulo Zona Leste, São Paulo",5.500
leste,340 m² construídos4 quartos,"Parque Da Mooca, São Paulo Zona Leste, São Paulo",7.500
leste,165 m² construídos4 quartos,"Vila Gomes Cardim, São Paulo Zona Leste, São Paulo",7.000
leste,78 m² construídos3 quartos,"Vila Prudente, São Paulo Zona Leste, São Paulo",3.580
leste,92 m² construídos3 quartos,"Vila Gomes Cardim, São Paulo Zona Leste, São Paulo",4.500
oeste,78 m² construídos2 quartos,"Vila Leopoldina, São Paulo Zona Oeste, São Paulo",4.800
oeste,58 m² construídos2 quartos,"Rua Torres Da Barra, 99, Água Branca, São Paulo Zona Oeste, São Paulo",2.600
oeste,34 m² construídos1 quarto,"Pinheiros, São Paulo Zona Oeste, São Paulo",5.444
oeste,105 m² construídos3 quartos,"Rua Bernardo Dos Santos, Jardim Olympia, São Paulo Zona Oeste, São Paulo",2.700
oeste,43 m² construídos2 quartos,"Rua Jairo De Almeida Machado,,
                60, Jaraguá, São Paulo Zona Oeste, São Paulo",1.300
oeste,30 m² construídos1 quarto,"Vila Morse, São Paulo Zona Oeste, São Paulo",1.200
oeste,87 m² construídos2 quartos,"Vila Pompéia, São Paulo Zona Oeste, São Paulo",2.750
oeste,110 m² construídos3 quartos,"Rua Oliveira Alves, 066, Jardim Irapiranga, São Paulo Zona Oeste, São Paulo",3.000
oeste,130 m² construídos3 quartos,"Higienópolis, São Paulo Zona Oeste, São Paulo",4.500
oeste,128 m² construídos3 quartos,"Alto De Pinheiros, São Paulo Zona Oeste, São Paulo",5.500
oeste,163 m² construídos3 quartos,"Água Branca, São Paulo Zona Oeste, São Paulo",8.500
oeste,60 m² construídos2 quartos,"Rua Jaguaré, 340, Jaguaré, São Paulo Zona Oeste, São Paulo",1.400
oeste,59 m² construídos3 quartos,"Jaguaré, São Paulo Zona Oeste, São Paulo",1.700
oeste,52 m² construídos2 quartos,"Jaguaré, São Paulo Zona Oeste, São Paulo",1.950
oeste,181 m² construídos3 quartos,"Cidade São Francisco, São Paulo Zona Oeste, São Paulo",6.200
oeste,74 m² construídos2 quartos,"Rua Lino Coutinho, 1102, Jardim Irapiranga, São Paulo Zona Oeste, São Paulo",1.656
oeste,49 m² construídos1 quarto,"Jaguaré, São Paulo Zona Oeste, São Paulo",1.300
oeste,55 m² construídos2 quartos,"R Santo Antônio De Pádua, Piqueri, São Paulo Zona Oeste, São Paulo",1.900
oeste,60 m² construídos1 quarto,"Pirituba, São Paulo Zona Oeste, São Paulo",1.210
oeste,56 m² construídos2 quartos,"Pinheiros, São Paulo Zona Oeste, São Paulo",2.900
oeste,64 m² construídos2 quartos,"R Ascencional, Jardim Ampliação, São Paulo Zona Oeste, São Paulo",1.790
oeste,70 m² construídos2 quartos,"Jardim Ampliação, São Paulo Zona Oeste, São Paulo",1.700
oeste,250 m² construídos2 quartos,"Rua Falkenberg,, Jardim Comercial, São Paulo Zona Oeste, São Paulo",1.100
oeste,45 m² construídos2 quartos,"Av. Dr. José Maniero, 135 - Estância Jaraguá, São Paulo - Sp, Brasil, Jaraguá, São Paulo Zona Oeste, São Paulo",1.500
oeste,65 m² construídos2 quartos,"Av. Otácilio Tomanik 350, Butantã, São Paulo Zona Oeste, São Paulo",3.450
oeste,70 m² construídos3 quartos,"Rua Valson Lopes 70, Butantã, São Paulo Zona Oeste, São Paulo",3.050
oeste,70 m² construídos2 quartos,"Av. Marechal Fiuza De Castro 0, Jardim Pinheiros, São Paulo Zona Oeste, São Paulo",3.170
oeste,168 m² construídos3 quartos,"R. Oscar Freire, Pinheiros, São Paulo Zona Oeste, São Paulo",4.500
oeste,62 m² construídos3 quartos,"Parque Continental, São Paulo Zona Oeste, São Paulo",1.300
oeste,48 m² construídos2 quartos,"Rua Floresto Bandecchi, Jaguaré, São Paulo Zona Oeste, São Paulo",1.250
oeste,60 m² construídos2 quartos,"Rua Padre Caresia, Jaguaré, São Paulo Zona Oeste, São Paulo",1.600
oeste,49 m² construídos2 quartos,"Rua Caetanópolis, Jaguaré, São Paulo Zona Oeste, São Paulo",2.000
oeste,78 m² construídos3 quartos,"Avenida Jaguaré, Jaguaré, São Paulo Zona Oeste, São Paulo",1.700
oeste,60 m² construídos2 quartos,"Rua Padre Caresia, Jaguaré, São Paulo Zona Oeste, São Paulo",1.600
oeste,60 m² construídos2 quartos,"Rua Padre Caresia, Jaguaré, São Paulo Zona Oeste, São Paulo",1.600
oeste,60 m² construídos2 quartos,"Avenida Corifeu De Azevedo Marques, Vila Lageado, São Paulo Zona Oeste, São Paulo",1.500
oeste,156 m² construídos4 quartos,"Av. Avenida Caxingui, 231, Vila Pirajussara, São Paulo Zona Oeste, São Paulo",5.400
oeste,50 m² construídos1 quarto,"R Arruda Alvim, 94, Pinheiros, São Paulo Zona Oeste, São Paulo",3.500
oeste,50 m² construídos1 quarto,"R Arruda Alvim, 94, Pinheiros, São Paulo Zona Oeste, São Paulo",3.500
oeste,52 m² construídos2 quartos,"Rua Cardeal Arcoverde, 1183, Pinheiros, São Paulo Zona Oeste, São Paulo",2.500
oeste,97 m² construídos2 quartos,"R Conego Eugenio Leite, 524, Pinheiros, São Paulo Zona Oeste, São Paulo",3.600
oeste,75 m² construídos3 quartos,"Praça General Porto Carreiro, Jaguaré, São Paulo Zona Oeste, São Paulo",2.400
oeste,55 m² construídos2 quartos,"Avenida Jaguaré, Jaguaré, São Paulo Zona Oeste, São Paulo",1.700
oeste,36 m² construídos1 quarto,"Natingui 930, Pinheiros, São Paulo Zona Oeste, São Paulo",2.700
oeste,74 m² construídos3 quartos,"Jaguaré, São Paulo Zona Oeste, São Paulo",1.300
oeste,82 m² construídos2 quartos,"Jaguaré, São Paulo Zona Oeste, São Paulo",3.300
oeste,65 m² construídos3 quartos,"Parque Continental, São Paulo Zona Oeste, São Paulo",2.000
oeste,76 m² construídos3 quartos,"Vila São Francisco, São Paulo Zona Oeste, São Paulo",3.000
oeste,63 m² construídos3 quartos,"Jaguaré, São Paulo Zona Oeste, São Paulo",2.300
oeste,104 m² construídos2 quartos,"Jardim Olympia, São Paulo Zona Oeste, São Paulo",3.000
oeste,78 m² construídos3 quartos,"Jaguaré, São Paulo Zona Oeste, São Paulo",1.700
oeste,84 m² construídos3 quartos,"Jaguaré, São Paulo Zona Oeste, São Paulo",2.600
oeste,65 m² construídos3 quartos,"Parque Continental, São Paulo Zona Oeste, São Paulo",1.650
oeste,80 m² construídos2 quartos,"Jaguaré, São Paulo Zona Oeste, São Paulo",2.450
oeste,40 m² construídos1 quarto,"Jaguaré, São Paulo Zona Oeste, São Paulo",1.409
oeste,65 m² construídos3 quartos,"Parque Continental, São Paulo Zona Oeste, São Paulo",1.650
oeste,78 m² construídos2 quartos,"Vila Pirajussara, São Paulo Zona Oeste, São Paulo",3.500
oeste,105 m² construídos3 quartos,"Jardim Taboão, São Paulo Zona Oeste, São Paulo",4.000
oeste,60 m² construídos2 quartos,"Rua Tucuna, 999, Perdizes, São Paulo Zona Oeste, São Paulo",1.900
oeste,20 m² construídos1 quarto,"Rua Bica De Pedra, 0000, Vila Anglo Brasileira, São Paulo Zona Oeste, São Paulo",800
oeste,40 m² construídos1 quarto,"Rua Ministro Godói, 603, Perdizes, São Paulo Zona Oeste, São Paulo",2.100
oeste,49 m² construídos2 quartos,"Rua Barão Do Bananal, 0000, Vila Pompéia, São Paulo Zona Oeste, São Paulo",2.200
oeste,49 m² construídos2 quartos,"Rua Cardeal Arcoverde, 1111, Pinheiros, São Paulo Zona Oeste, São Paulo",3.000
oeste,57 m² construídos2 quartos,"R Melo Palheta, Água Branca, São Paulo Zona Oeste, São Paulo",2.000
oeste,60 m² construídos1 quarto,"Rua Emílio Goeldi, 0000, Lapa De Baixo, São Paulo Zona Oeste, São Paulo",2.000
oeste,45 m² construídos1 quarto,"Rua Raul Pompéia, 1007, Conjunto Residencial Morada Do Sol, São Paulo Zona Oeste, São Paulo",1.700
oeste,94 m² construídos1 quarto,"Rua Armando Brussolo, 000, Vila Romana, São Paulo Zona Oeste, São Paulo",2.200
oeste,45 m² construídos1 quarto,"Rua Barão Do Bananal, 0000, Vila Pompéia, São Paulo Zona Oeste, São Paulo",1.900
oeste,55 m² construídos1 quarto,"Rua Raul Pompéia, 1.007, Vila Pompéia, São Paulo Zona Oeste, São Paulo",1.700
oeste,49 m² construídos1 quarto,"Rua Wanderley, 1637, Perdizes, São Paulo Zona Oeste, São Paulo",1.750
oeste,42 m² construídos1 quarto,"Rua Alves Guimarães, 400, Pinheiros, São Paulo Zona Oeste, São Paulo",3.300
oeste,50 m² construídos1 quarto,"Rua Armando Brussolo, 0000, Vila Romana, São Paulo Zona Oeste, São Paulo",1.600
oeste,55 m² construídos3 quartos,"Rua Professor Celso Quirino Dos Santos, 250, Cidade São Francisco, São Paulo Zona Oeste, São Paulo",1.350
oeste,66 m² construídos3 quartos,"Alto De Pinheiros, São Paulo Zona Oeste, São Paulo",2.000
oeste,40 m² construídos1 quarto,"Jaguaré, São Paulo Zona Oeste, São Paulo",1.250
oeste,100 m² construídos3 quartos,"Rua Dos Pinheiros, Pinheiros, São Paulo Zona Oeste, São Paulo",2.500
oeste,83 m² construídos3 quartos,"Rua Piracuama, Perdizes, São Paulo Zona Oeste, São Paulo",2.800
oeste,130 m² construídos3 quartos,"Rua Fradique Coutinho, Pinheiros, São Paulo Zona Oeste, São Paulo",4.700
oeste,135 m² construídos3 quartos,"Avenida Higienópolis, Higienópolis, São Paulo Zona Oeste, São Paulo",4.500
oeste,100 m² construídos3 quartos,"Rua Fradique Coutinho, Pinheiros, São Paulo Zona Oeste, São Paulo",3.800
oeste,38 m² construídos1 quarto,"Rua Alves Guimaraes, Pinheiros, São Paulo Zona Oeste, São Paulo",2.800
oeste,62 m² construídos2 quartos,"Rua Monte Alegre, Perdizes, São Paulo Zona Oeste, São Paulo",2.700
oeste,52 m² construídos2 quartos,"Rolinópolis, São Paulo Zona Oeste, São Paulo",2.150
oeste,45 m² construídos1 quarto,"Rua Manuel Guedes, Jardim Europa, São Paulo Zona Oeste, São Paulo",3.400
oeste,216 m² construídos3 quartos,"Rua Califórnia, Cidade Moncoes, São Paulo Zona Oeste, São Paulo",5.600
oeste,55 m² construídos2 quartos,"Rua Hungara, Vila Ipojuca, São Paulo Zona Oeste, São Paulo",2.200
oeste,70 m² construídos2 quartos,"Rua Tonelero, Vila Ipojuca, São Paulo Zona Oeste, São Paulo",2.400
oeste,70 m² construídos2 quartos,"Rua Tonelero, Vila Ipojuca, São Paulo Zona Oeste, São Paulo",2.500
oeste,37 m² construídos1 quarto,"Rolinópolis, São Paulo Zona Oeste, São Paulo",1.900
oeste,102 m² construídos2 quartos,"Vila Cordeiro, São Paulo Zona Oeste, São Paulo",6.700
oeste,52 m² construídos2 quartos,"Rolinópolis, São Paulo Zona Oeste, São Paulo",2.400
oeste,58 m² construídos2 quartos,"Rolinópolis, São Paulo Zona Oeste, São Paulo",3.500
oeste,93 m² construídos3 quartos,"Rua Flórida, Cidade Moncoes, São Paulo Zona Oeste, São Paulo",3.900
oeste,250 m² construídos4 quartos,"Rua Tucumã, Jardim Europa, São Paulo Zona Oeste, São Paulo",13.020
oeste,177 m² construídos3 quartos,"Rua Professor Artur Ramos, Jardim Paulistano, São Paulo Zona Oeste, São Paulo",5.800
oeste,168 m² construídos3 quartos,"Água Branca, São Paulo Zona Oeste, São Paulo",8.200
oeste,41 m² construídos1 quarto,"Avenida Reboucas, Pinheiros, São Paulo Zona Oeste, São Paulo",5.700
oeste,80 m² construídos3 quartos,"Cidade Moncoes, São Paulo Zona Oeste, São Paulo",4.000
oeste,282 m² construídos4 quartos,"Rua Pablo Picasso, Água Branca, São Paulo Zona Oeste, São Paulo",22.000
oeste,80 m² construídos3 quartos,"Cidade Moncoes, São Paulo Zona Oeste, São Paulo",4.300
oeste,120 m² construídos3 quartos,"Rua Manuel Guedes, Jardim Europa, São Paulo Zona Oeste, São Paulo",6.300
oeste,70 m² construídos2 quartos,"Rua Minerva, Perdizes, São Paulo Zona Oeste, São Paulo",2.500
oeste,250 m² construídos4 quartos,"Rua Tucumã, Jardim Europa, São Paulo Zona Oeste, São Paulo",14.800
oeste,36 m² construídos1 quarto,"Rua Barao Do Bananal, Vila Pompéia, São Paulo Zona Oeste, São Paulo",2.200
oeste,177 m² construídos3 quartos,"Rua Professor Artur Ramos, Jardim Paulistano, São Paulo Zona Oeste, São Paulo",6.200
oeste,152 m² construídos3 quartos,"Rua Oscar Freire, Pinheiros, São Paulo Zona Oeste, São Paulo",5.600
oeste,60 m² construídos2 quartos,"Rua Padre Caresia, Jaguaré, São Paulo Zona Oeste, São Paulo",1.600
oeste,80 m² construídos2 quartos,"Cidade Moncoes, São Paulo Zona Oeste, São Paulo",6.500
oeste,75 m² construídos1 quarto,"Pinheiros, São Paulo Zona Oeste, São Paulo",5.500
oeste,115 m² construídos3 quartos,"Cidade Moncoes, São Paulo Zona Oeste, São Paulo",5.500
oeste,500 m² construídos4 quartos,"Higienópolis, São Paulo Zona Oeste, São Paulo",35.000
oeste,123 m² construídos3 quartos,"Rua Iperoig, Perdizes, São Paulo Zona Oeste, São Paulo",3.000
oeste,110 m² construídos3 quartos,"Rua Piracuama, Perdizes, São Paulo Zona Oeste, São Paulo",2.600
oeste,217 m² construídos3 quartos,"Rua Piaui, Higienópolis, São Paulo Zona Oeste, São Paulo",6.500
oeste,78 m² construídos2 quartos,"Rua Joaquim Antunes, Pinheiros, São Paulo Zona Oeste, São Paulo",4.000
oeste,52 m² construídos2 quartos,"Rolinópolis, São Paulo Zona Oeste, São Paulo",2.300
oeste,94 m² construídos3 quartos,"Cidade Moncoes, São Paulo Zona Oeste, São Paulo",4.400
oeste,30 m² construídos1 quarto,"Vila Cordeiro, São Paulo Zona Oeste, São Paulo",3.200
oeste,98 m² construídos2 quartos,"Cidade Moncoes, São Paulo Zona Oeste, São Paulo",9.000
oeste,76 m² construídos2 quartos,"Cidade Moncoes, São Paulo Zona Oeste, São Paulo",5.400
oeste,80 m² construídos2 quartos,"Cidade Moncoes, São Paulo Zona Oeste, São Paulo",7.574
oeste,75 m² construídos2 quartos,"Cidade Moncoes, São Paulo Zona Oeste, São Paulo",3.500
oeste,110 m² construídos3 quartos,"Perdizes, São Paulo Zona Oeste, São Paulo",3.500
oeste,38 m² construídos1 quarto,"Avenida Pompeia, Vila Pompéia, São Paulo Zona Oeste, São Paulo",2.200
oeste,57 m² construídos1 quarto,"Pinheiros, São Paulo Zona Oeste, São Paulo",4.700
oeste,75 m² construídos2 quartos,"Cidade Moncoes, São Paulo Zona Oeste, São Paulo",3.400
oeste,54 m² construídos1 quarto,"Cidade Moncoes, São Paulo Zona Oeste, São Paulo",3.990
oeste,90 m² construídos2 quartos,"Rua Doutor Miranda De Azevedo, Vila Pompéia, São Paulo Zona Oeste, São Paulo",2.700
oeste,41 m² construídos1 quarto,"Avenida Reboucas, Pinheiros, São Paulo Zona Oeste, São Paulo",6.150
oeste,34 m² construídos1 quarto,"Rua Natingui, Vila Madalena, São Paulo Zona Oeste, São Paulo",2.700
oeste,31 m² construídos1 quarto,"Pinheiros, São Paulo Zona Oeste, São Paulo",3.265
oeste,84 m² construídos3 quartos,"Cidade Moncoes, São Paulo Zona Oeste, São Paulo",2.700
oeste,44 m² construídos2 quartos,"Cidade Moncoes, São Paulo Zona Oeste, São Paulo",4.059
oeste,86 m² construídos2 quartos,"Cidade Moncoes, São Paulo Zona Oeste, São Paulo",2.800
oeste,138 m² construídos3 quartos,"Rua Ministro Godoi, Perdizes, São Paulo Zona Oeste, São Paulo",2.400
oeste,25 m² construídos1 quarto,"Rua Turiassu, Perdizes, São Paulo Zona Oeste, São Paulo",2.400
oeste,43 m² construídos2 quartos,"Rua Francisco Luís De Souza Júnior, Água Branca, São Paulo Zona Oeste, São Paulo",1.900
oeste,190 m² construídos3 quartos,"Rua Cardoso De Almeida, Perdizes, São Paulo Zona Oeste, São Paulo",4.000
oeste,89 m² construídos1 quarto,"Pinheiros, São Paulo Zona Oeste, São Paulo",6.200
oeste,70 m² construídos2 quartos,"Rolinópolis, São Paulo Zona Oeste, São Paulo",4.000
oeste,56 m² construídos2 quartos,"Rua Alves Guimarães, Pinheiros, São Paulo Zona Oeste, São Paulo",2.799
oeste,86 m² construídos2 quartos,"Rua Alves Guimaraes, Pinheiros, São Paulo Zona Oeste, São Paulo",3.000
oeste,60 m² construídos2 quartos,"Cidade Moncoes, São Paulo Zona Oeste, São Paulo",2.300
oeste,164 m² construídos4 quartos,"Rua Rio De Janeiro, Higienópolis, São Paulo Zona Oeste, São Paulo",5.000
oeste,127 m² construídos3 quartos,"Jardim Paulistano, São Paulo Zona Oeste, São Paulo",4.500
oeste,48 m² construídos1 quarto,"Pinheiros, São Paulo Zona Oeste, São Paulo",2.650
oeste,150 m² construídos4 quartos,"Rua Pascoal Vita, Vila Madalena, São Paulo Zona Oeste, São Paulo",8.200
oeste,38 m² construídos1 quarto,"Avenida Pompeia, Vila Pompéia, São Paulo Zona Oeste, São Paulo",2.200
oeste,90 m² construídos2 quartos,"Avenida Pavão, Recanto Paraíso, São Paulo Zona Oeste, São Paulo",3.000
oeste,37 m² construídos1 quarto,"Jardim Paulistano, São Paulo Zona Oeste, São Paulo",4.837
oeste,50 m² construídos1 quarto,"Cidade Moncoes, São Paulo Zona Oeste, São Paulo",3.150
oeste,34 m² construídos1 quarto,"Rua Natingui, Vila Madalena, São Paulo Zona Oeste, São Paulo",3.200
oeste,65 m² construídos2 quartos,"Rua  Apiacas, Perdizes, São Paulo Zona Oeste, São Paulo",2.300
oeste,60 m² construídos2 quartos,"Água Branca, São Paulo Zona Oeste, São Paulo",2.900
oeste,74 m² construídos1 quarto,"Cidade Moncoes, São Paulo Zona Oeste, São Paulo",5.148
oeste,82 m² construídos3 quartos,"Cidade Moncoes, São Paulo Zona Oeste, São Paulo",3.800
oeste,83 m² construídos2 quartos,"Cidade Moncoes, São Paulo Zona Oeste, São Paulo",2.750
oeste,35 m² construídos1 quarto,"Rua Cardoso De Almeida, Perdizes, São Paulo Zona Oeste, São Paulo",2.000
oeste,47 m² construídos2 quartos,"Rua Tucuna, Perdizes, São Paulo Zona Oeste, São Paulo",2.400
oeste,34 m² construídos1 quarto,"Rua Natingui, Vila Madalena, São Paulo Zona Oeste, São Paulo",3.200
oeste,46 m² construídos1 quarto,"Pinheiros, São Paulo Zona Oeste, São Paulo",6.500
oeste,130 m² construídos2 quartos,"R. Fradique Coutinho, Pinheiros, São Paulo Zona Oeste, São Paulo",5.900
oeste,210 m² construídos3 quartos,"Jardim Europa, São Paulo Zona Oeste, São Paulo",12.000
oeste,60 m² construídos1 quarto,"Rua Cardoso De Almeida, Perdizes, São Paulo Zona Oeste, São Paulo",2.500
oeste,42 m² construídos1 quarto,"Rua Campevas, Perdizes, São Paulo Zona Oeste, São Paulo",1.650
oeste,95 m² construídos3 quartos,"Cidade Moncoes, São Paulo Zona Oeste, São Paulo",3.000
oeste,125 m² construídos3 quartos,"Rua Diana, Perdizes, São Paulo Zona Oeste, São Paulo",4.300
oeste,116 m² construídos3 quartos,"Cidade Moncoes, São Paulo Zona Oeste, São Paulo",5.500
oeste,72 m² construídos2 quartos,"Rua Faustolo, Lapa, São Paulo Zona Oeste, São Paulo",3.800
oeste,80 m² construídos2 quartos,"Rua Venancio Aires, Vila Pompéia, São Paulo Zona Oeste, São Paulo",3.000
oeste,38 m² construídos1 quarto,"Vila Leopoldina, São Paulo Zona Oeste, São Paulo",2.100
oeste,45 m² construídos2 quartos,"Rua Moxei, Lapa De Baixo, São Paulo Zona Oeste, São Paulo",990
oeste,70 m² construídos3 quartos,"Vila Suzana, São Paulo Zona Oeste, São Paulo",2.200
oeste,44 m² construídos1 quarto,"Rua Alves Guimarães, Pinheiros, São Paulo Zona Oeste, São Paulo",3.840
oeste,53 m² construídos1 quarto,"Rua George Ohm, Cidade Moncoes, São Paulo Zona Oeste, São Paulo",4.450
oeste,160 m² construídos3 quartos,"Rua Doutor Homem De Melo, Perdizes, São Paulo Zona Oeste, São Paulo",5.500
oeste,35 m² construídos1 quarto,"Rua Doutor Franco Da Rocha, Perdizes, São Paulo Zona Oeste, São Paulo",2.600
oeste,37 m² construídos1 quarto,"Rolinópolis, São Paulo Zona Oeste, São Paulo",2.500
oeste,68 m² construídos2 quartos,"Avenida Miguel Frias E Vasconcelos, Jaguaré, São Paulo Zona Oeste, São Paulo",2.500
oeste,72 m² construídos3 quartos,"Rua Apinajes, Perdizes, São Paulo Zona Oeste, São Paulo",1.900
oeste,60 m² construídos2 quartos,"Cidade Moncoes, São Paulo Zona Oeste, São Paulo",2.200
oeste,63 m² construídos3 quartos,"Rua Doutor Miranda De Azevedo, Vila Anglo Brasileira, São Paulo Zona Oeste, São Paulo",2.200
oeste,100 m² construídos3 quartos,"Cidade Moncoes, São Paulo Zona Oeste, São Paulo",5.000
oeste,73 m² construídos2 quartos,"Pinheiros, São Paulo Zona Oeste, São Paulo",4.000
oeste,60 m² construídos2 quartos,"Rua Raul Pompeia, Vila Pompéia, São Paulo Zona Oeste, São Paulo",2.500
oeste,80 m² construídos2 quartos,"Rua Caiubi, Perdizes, São Paulo Zona Oeste, São Paulo",3.000
oeste,40 m² construídos1 quarto,"Rua Paulistânia, Sumarezinho, São Paulo Zona Oeste, São Paulo",2.700
oeste,83 m² construídos1 quarto,"Cidade Moncoes, São Paulo Zona Oeste, São Paulo",3.500
oeste,76 m² construídos3 quartos,"Rua Apiacas, Perdizes, São Paulo Zona Oeste, São Paulo",2.400
oeste,79 m² construídos2 quartos,"Rua Marc Chagall, Água Branca, São Paulo Zona Oeste, São Paulo",4.800
oeste,60 m² construídos2 quartos,"Rua Tucuna, Perdizes, São Paulo Zona Oeste, São Paulo",2.600
oeste,44 m² construídos1 quarto,"Vila Cordeiro, São Paulo Zona Oeste, São Paulo",3.000
oeste,94 m² construídos3 quartos,"Pinheiros, São Paulo Zona Oeste, São Paulo",3.500
oeste,52 m² construídos2 quartos,"Rua Bartira, Perdizes, São Paulo Zona Oeste, São Paulo",2.000
oeste,45 m² construídos2 quartos,"Rua Moxei, Lapa De Baixo, São Paulo Zona Oeste, São Paulo",990
oeste,70 m² construídos2 quartos,"Cidade Moncoes, São Paulo Zona Oeste, São Paulo",2.700
oeste,150 m² construídos2 quartos,"Jardim Europa, São Paulo Zona Oeste, São Paulo",11.500
oeste,60 m² construídos2 quartos,"Rua Heitor Penteado, Sumarezinho, São Paulo Zona Oeste, São Paulo",2.200
oeste,59 m² construídos2 quartos,"Água Branca, São Paulo Zona Oeste, São Paulo",2.800
oeste,46 m² construídos1 quarto,"Rua Arruda Alvim, Pinheiros, São Paulo Zona Oeste, São Paulo",3.500
oeste,58 m² construídos1 quarto,"Rua Teodoro Sampaio, Pinheiros, São Paulo Zona Oeste, São Paulo",2.600
oeste,106 m² construídos3 quartos,"Rua Cardoso De Almeida, Perdizes, São Paulo Zona Oeste, São Paulo",2.300
oeste,55 m² construídos1 quarto,"Cidade Moncoes, São Paulo Zona Oeste, São Paulo",2.800
oeste,80 m² construídos2 quartos,"Rua Cônego Eugênio Leite, Pinheiros, São Paulo Zona Oeste, São Paulo",2.600
oeste,31 m² construídos1 quarto,"Pinheiros, São Paulo Zona Oeste, São Paulo",3.265
oeste,109 m² construídos2 quartos,"R Teodoro Sampaio, Pinheiros, São Paulo Zona Oeste, São Paulo",4.600
oeste,25 m² construídos1 quarto,"Rua Alves Guimaraes, Pinheiros, São Paulo Zona Oeste, São Paulo",3.500
oeste,65 m² construídos2 quartos,"R Natingui, Vila Madalena, São Paulo Zona Oeste, São Paulo",3.500
oeste,48 m² construídos1 quarto,"Avenida Francisco Matarazzo, Água Branca, São Paulo Zona Oeste, São Paulo",1.800
oeste,55 m² construídos2 quartos,"Cidade Moncoes, São Paulo Zona Oeste, São Paulo",2.900
oeste,35 m² construídos1 quarto,"Vila Suzana, São Paulo Zona Oeste, São Paulo",1.350
oeste,80 m² construídos3 quartos,"Rua Xerentes, Perdizes, São Paulo Zona Oeste, São Paulo",2.700
oeste,32 m² construídos1 quarto,"Rua Aurelia, Vila Romana, São Paulo Zona Oeste, São Paulo",1.800
oeste,85 m² construídos2 quartos,"Rua Cotoxo, Perdizes, São Paulo Zona Oeste, São Paulo",2.850
oeste,51 m² construídos1 quarto,"Rua Sansão Alves Dos Santos, Cidade Moncoes, São Paulo Zona Oeste, São Paulo",3.500
oeste,110 m² construídos3 quartos,"Rua Jericó, Sumarezinho, São Paulo Zona Oeste, São Paulo",5.000
oeste,44 m² construídos1 quarto,"Rua Heitor Penteado, Sumarezinho, São Paulo Zona Oeste, São Paulo",2.500
oeste,66 m² construídos1 quarto,"Pinheiros, São Paulo Zona Oeste, São Paulo",2.500
oeste,60 m² construídos2 quartos,"Rolinópolis, São Paulo Zona Oeste, São Paulo",2.500
oeste,80 m² construídos2 quartos,"Rua Doutor Homem De Melo, Perdizes, São Paulo Zona Oeste, São Paulo",2.200
oeste,50 m² construídos2 quartos,"Jaguaré, São Paulo Zona Oeste, São Paulo",2.000
oeste,140 m² construídos3 quartos,"Rua Itacolomi, Higienópolis, São Paulo Zona Oeste, São Paulo",4.000
oeste,50 m² construídos1 quarto,"Rua Doutor Homem De Melo, Perdizes, São Paulo Zona Oeste, São Paulo",2.150
oeste,175 m² construídos3 quartos,"Jardim Paulistano, São Paulo Zona Oeste, São Paulo",7.500
oeste,70 m² construídos2 quartos,"Cidade Moncoes, São Paulo Zona Oeste, São Paulo",3.400
oeste,80 m² construídos2 quartos,"Rua Doutor Miranda De Azevedo, Pompéia, São Paulo Zona Oeste, São Paulo",2.800
oeste,51 m² construídos1 quarto,"Vila Anglo Brasileira, São Paulo Zona Oeste, São Paulo",2.490
oeste,50 m² construídos2 quartos,"Fazenda Morumbi, São Paulo Zona Oeste, São Paulo",2.000
oeste,60 m² construídos2 quartos,"Rua Padre Caresia, Jaguaré, São Paulo Zona Oeste, São Paulo",1.600
oeste,56 m² construídos1 quarto,"Rua Ministro Godói, Perdizes, São Paulo Zona Oeste, São Paulo",2.500
oeste,25 m² construídos1 quarto,"Rua Senador Cesar Lacerda Vergueiro, Sumarezinho, São Paulo Zona Oeste, São Paulo",3.500
oeste,63 m² construídos1 quarto,"Cidade Moncoes, São Paulo Zona Oeste, São Paulo",4.800
oeste,210 m² construídos3 quartos,"Cidade Moncoes, São Paulo Zona Oeste, São Paulo",15.000
oeste,68 m² construídos2 quartos,"Rua Paes Leme, Pinheiros, São Paulo Zona Oeste, São Paulo",8.000
oeste,80 m² construídos2 quartos,"Cidade Moncoes, São Paulo Zona Oeste, São Paulo",6.500
oeste,25 m² construídos1 quarto,"Jardim Paulistano, São Paulo Zona Oeste, São Paulo",2.759
oeste,40 m² construídos1 quarto,"Cidade Moncoes, São Paulo Zona Oeste, São Paulo",3.200
oeste,48 m² construídos2 quartos,"Cidade Moncoes, São Paulo Zona Oeste, São Paulo",1.800
oeste,102 m² construídos1 quarto,"Pinheiros, São Paulo Zona Oeste, São Paulo",10.000
oeste,44 m² construídos1 quarto,"Cidade Moncoes, São Paulo Zona Oeste, São Paulo",2.100
